,SUBZONE_N,102,61,104,52,122,19,119,3,93,103,1,95,22,23,35,111,76,101,4
0,PASIR RIS TOWN,12168.0,38754.0,12350.0,26058.0,42833.0,31203.0,40961.0,21198.0,15102.0,13554.0,31179.0,31587.0,13016.0,30553.0,13674.0,9462.0,9977.0,28174.0,26540.0
1,MACPHERSON,3913.0,18857.0,2796.0,6504.0,22936.0,15526.0,29963.0,8151.0,462.0,2161.0,26908.0,18332.0,8754.0,10656.0,7710.0,5010.0,8687.0,15147.0,12684.0
2,GEYLANG EAST,1220.0,19921.0,24.0,8659.0,24000.0,12721.0,30161.0,10398.0,3289.0,5491.0,27972.0,20787.0,10559.0,11088.0,7866.0,6164.0,5940.0,16211.0,15740.0
3,ALJUNIED,3273.0,25274.0,2017.0,12578.0,29353.0,17723.0,27481.0,7718.0,1528.0,3897.0,33324.0,18107.0,17048.0,17073.0,9041.0,7271.0,7148.0,17659.0,13060.0
4,ROSYTH,8415.0,14389.0,8089.0,5894.0,21021.0,7057.0,31001.0,11538.0,7106.0,5982.0,24993.0,21627.0,4637.0,5166.0,1754.0,2070.0,13222.0,13232.0,16580.0
5,LORONG AH SOO,6034.0,16595.0,6998.0,5714.0,21295.0,9329.0,31275.0,11812.0,7890.0,5876.0,25267.0,21901.0,6403.0,6932.0,4068.0,807.0,9762.0,13506.0,16854.0
6,TRAFALGAR,9067.0,13357.0,10547.0,11844.0,18858.0,7084.0,33725.0,14262.0,9771.0,11534.0,23506.0,22974.0,5000.0,4336.0,4038.0,5741.0,17723.0,15774.0,19304.0
7,TRAFALGAR,15622.0,12730.0,14593.0,16685.0,23478.0,11139.0,37505.0,18042.0,13610.0,12486.0,24354.0,28131.0,9200.0,8917.0,11613.0,8426.0,19497.0,19736.0,23084.0
8,TAI KENG,4292.0,17923.0,5302.0,6530.0,21593.0,10110.0,35830.0,16066.0,4303.0,8761.0,25564.0,26456.0,7351.0,7880.0,7065.0,1608.0,9098.0,14337.0,21409.0
9,YUHUA,26370.0,25402.0,26552.0,18135.0,18602.0,22142.0,5808.0,17257.0,24719.0,24840.0,19207.0,6496.0,32713.0,32738.0,24519.0,28016.0,30245.0,12199.0,12171.0
10,TEBAN GARDENS,27182.0,27348.0,25649.0,19213.0,20548.0,22335.0,9647.0,18069.0,25531.0,22188.0,21153.0,3239.0,34659.0,34684.0,24711.0,27361.0,31057.0,12391.0,12984.0
11,TOH GUAN,25208.0,25374.0,25390.0,25343.0,18574.0,21360.0,7673.0,16095.0,23557.0,23678.0,19179.0,5072.0,32685.0,32710.0,23357.0,26854.0,29083.0,11037.0,11010.0
12,JURONG REGIONAL CENTRE,23867.0,24033.0,24049.0,24002.0,17233.0,19639.0,6332.0,14754.0,22216.0,22337.0,17838.0,3994.0,31344.0,31369.0,22016.0,25513.0,27742.0,9696.0,9669.0
13,BOON LAY,26631.0,26652.0,26813.0,18501.0,19852.0,22403.0,6069.0,17518.0,24980.0,25101.0,20457.0,6451.0,31235.0,31260.0,24780.0,28277.0,30506.0,12460.0,12432.0
14,BOON LAY,29907.0,28381.0,30089.0,21533.0,21581.0,22165.0,4439.0,20794.0,28256.0,26021.0,22186.0,9363.0,23230.0,34535.0,28056.0,31553.0,33782.0,16074.0,15708.0
15,CENTRAL,29072.0,29248.0,29254.0,29206.0,22448.0,24844.0,627.0,19959.0,27421.0,27541.0,23053.0,9198.0,33675.0,33700.0,27221.0,30718.0,32947.0,14901.0,14873.0
16,CENTRAL,30858.0,17863.0,31040.0,28735.0,11063.0,20350.0,13323.0,21745.0,29207.0,22063.0,11669.0,10985.0,25175.0,25200.0,29886.0,27243.0,34733.0,16687.0,16660.0
17,HONG KAH,27615.0,27792.0,27797.0,20008.0,20992.0,23387.0,4318.0,18502.0,25964.0,26085.0,21597.0,7742.0,32219.0,32244.0,25764.0,29261.0,31490.0,13444.0,13417.0
18,HONG KAH,28004.0,21581.0,28186.0,32452.0,14780.0,24067.0,10469.0,18891.0,26353.0,19039.0,15386.0,8131.0,28892.0,28917.0,33603.0,29650.0,31879.0,13833.0,13806.0
19,WENYA,32066.0,27030.0,32248.0,22156.0,20230.0,22750.0,2816.0,22953.0,30415.0,30535.0,20836.0,11994.0,34342.0,34367.0,30215.0,33712.0,35941.0,16797.0,17867.0
20,YUNNAN,30550.0,30726.0,30732.0,30711.0,23926.0,26322.0,711.0,21437.0,28899.0,29019.0,24531.0,10676.0,35153.0,35178.0,28699.0,32196.0,34425.0,16379.0,16351.0
21,TAMAN JURONG,28114.0,28291.0,28296.0,28249.0,21491.0,23886.0,4817.0,19001.0,26463.0,26584.0,22096.0,8241.0,32718.0,32743.0,26263.0,29760.0,31989.0,13943.0,13916.0
22,BUGIS,6841.0,21659.0,7023.0,8963.0,25738.0,9797.0,23866.0,4103.0,12241.0,10337.0,29709.0,14493.0,13433.0,13458.0,10020.0,10283.0,10716.0,7257.0,9445.0
23,BALESTIER,8423.0,16485.0,6695.0,1809.0,20564.0,7764.0,27655.0,6838.0,6683.0,4274.0,24535.0,18281.0,8259.0,8284.0,7062.0,8873.0,12298.0,6201.0,9097.0
24,SUNGEI ROAD,6288.0,19118.0,5389.0,6423.0,23197.0,9626.0,24459.0,3971.0,5161.0,3257.0,27169.0,15086.0,10892.0,10917.0,9408.0,9671.0,10163.0,7023.0,8997.0
25,LITTLE INDIA,7518.0,18885.0,6530.0,6190.0,22964.0,9467.0,24543.0,4005.0,5195.0,3291.0,26936.0,15170.0,10659.0,10684.0,9013.0,9276.0,11393.0,6790.0,10122.0
26,PEARL'S HILL,11670.0,24501.0,11852.0,11805.0,31161.0,12316.0,20250.0,1258.0,8610.0,6706.0,31766.0,10876.0,16274.0,16299.0,12113.0,12376.0,15545.0,9186.0,5829.0
27,CHINA SQUARE,9359.0,22177.0,9541.0,9481.0,26256.0,14625.0,22254.0,652.0,8208.0,6304.0,30227.0,12881.0,13950.0,13975.0,11718.0,11981.0,13233.0,9168.0,7834.0
28,CHINATOWN,10320.0,23150.0,10502.0,10454.0,27229.0,15598.0,20970.0,195.0,8542.0,6638.0,32486.0,11596.0,14923.0,14948.0,11893.0,12156.0,14195.0,9021.0,6549.0
29,PASIR RIS DRIVE,13536.0,22963.0,13718.0,27426.0,25728.0,18611.0,42329.0,22566.0,13224.0,15028.0,28213.0,32955.0,14601.0,15130.0,15259.0,11046.0,10161.0,23859.0,27908.0
30,ELIAS,13473.0,19752.0,13655.0,22127.0,23716.0,17367.0,42266.0,22503.0,10933.0,12737.0,26201.0,32892.0,15283.0,14619.0,17136.0,8988.0,11282.0,24318.0,27845.0
31,SZ3,14849.0,12012.0,13820.0,12760.0,18554.0,19342.0,36732.0,17269.0,12837.0,11713.0,20202.0,27358.0,8933.0,8269.0,7971.0,7653.0,15567.0,18963.0,22311.0
32,CRAWFORD,6296.0,22436.0,5267.0,9740.0,26515.0,20126.0,24919.0,4136.0,6313.0,8084.0,30487.0,15546.0,14210.0,14235.0,11806.0,10246.0,10171.0,19747.0,10499.0
33,BOON KENG,4884.0,24046.0,5066.0,6041.0,28125.0,16495.0,26253.0,6490.0,3232.0,1217.0,32096.0,16880.0,15820.0,15845.0,10652.0,8394.0,8759.0,16432.0,11833.0
34,KAMPONG JAVA,8879.0,16478.0,6552.0,5388.0,20557.0,8028.0,24354.0,4891.0,6355.0,4451.0,24528.0,14980.0,8252.0,8277.0,8143.0,8406.0,12754.0,6712.0,9933.0
35,BENDEMEER,7346.0,17959.0,6306.0,3917.0,26925.0,12500.0,25439.0,5977.0,4118.0,1655.0,30897.0,16065.0,14620.0,14645.0,6943.0,7206.0,12478.0,15066.0,11018.0
36,GEYLANG BAHRU,5578.0,23610.0,5705.0,4924.0,27689.0,10918.0,28386.0,6574.0,2487.0,341.0,27827.0,19013.0,9472.0,15409.0,8950.0,9480.0,10148.0,16890.0,11106.0
37,KAMPONG BUGIS,4915.0,24077.0,5097.0,11381.0,28156.0,12257.0,26284.0,6521.0,3263.0,2649.0,32127.0,16911.0,15851.0,15876.0,10683.0,8444.0,8790.0,16463.0,11864.0
38,MARINE PARADE,2879.0,26480.0,2690.0,11247.0,30559.0,16836.0,30989.0,9909.0,5629.0,7796.0,34252.0,21616.0,12514.0,13040.0,10799.0,7210.0,4784.0,14321.0,18576.0
39,NORTH COAST,30645.0,13181.0,27999.0,18770.0,6381.0,13221.0,23133.0,31555.0,27016.0,28787.0,1105.0,20795.0,20492.0,20517.0,25202.0,25056.0,32903.0,22446.0,26470.0
40,WOODLANDS SOUTH,25736.0,10463.0,24707.0,16384.0,2588.0,9928.0,23466.0,31888.0,23724.0,25495.0,4095.0,21128.0,11852.0,13155.0,21910.0,21764.0,29611.0,19154.0,26803.0
41,WOODLANDS EAST,31875.0,7055.0,24007.0,17927.0,320.0,15042.0,23425.0,27176.0,23025.0,27779.0,4226.0,21087.0,14367.0,14392.0,19078.0,20576.0,35750.0,23859.0,26762.0
42,SZ4,20300.0,15541.0,15214.0,14154.0,19505.0,16090.0,38126.0,18663.0,14231.0,13107.0,21990.0,28752.0,9400.0,11729.0,12234.0,8297.0,17943.0,20357.0,23705.0
43,SZ5,15863.0,15629.0,14834.0,13774.0,27766.0,20356.0,37746.0,18283.0,13851.0,12727.0,24594.0,28372.0,13450.0,13166.0,11854.0,8667.0,16834.0,19977.0,23325.0
44,SZ2,14614.0,15155.0,13585.0,12525.0,19288.0,19107.0,36497.0,17034.0,12602.0,11478.0,23345.0,27123.0,9809.0,10749.0,10605.0,7418.0,16453.0,18728.0,22076.0
45,HOLLAND DRIVE,17932.0,21103.0,17541.0,9246.0,24494.0,12368.0,13583.0,8819.0,16558.0,18329.0,25099.0,4209.0,12877.0,12902.0,14744.0,14598.0,21807.0,2424.0,3080.0
46,GHIM MOH,17937.0,22366.0,18119.0,10508.0,24499.0,13630.0,13588.0,8824.0,17821.0,19592.0,25104.0,4214.0,14140.0,14165.0,16007.0,15861.0,21812.0,3687.0,3738.0
47,KAMPONG UBI,2336.0,18985.0,3501.0,7221.0,23064.0,15654.0,31903.0,10091.0,2297.0,4100.0,27036.0,22530.0,9262.0,9791.0,7335.0,3829.0,6869.0,15275.0,14623.0
48,SINGAPORE POLYTECHNIC,18672.0,29243.0,18854.0,18806.0,22443.0,14444.0,11531.0,9559.0,17021.0,17141.0,23048.0,2158.0,23275.0,23300.0,16821.0,20318.0,22547.0,4501.0,4473.0
49,COMMONWEALTH,16729.0,32260.0,16911.0,8944.0,25460.0,13173.0,14548.0,7616.0,15078.0,15198.0,26065.0,5174.0,21332.0,21357.0,12370.0,18375.0,20604.0,1596.0,2530.0
50,MEI CHIN,15604.0,28435.0,15786.0,15739.0,26738.0,15947.0,15826.0,6491.0,13953.0,14074.0,27343.0,6453.0,20208.0,20233.0,16987.0,17250.0,19479.0,3726.0,291.0
51,TANGLIN HALT,16638.0,32169.0,16820.0,16772.0,25369.0,14085.0,14457.0,7525.0,14987.0,15107.0,25974.0,5083.0,21241.0,21266.0,16462.0,18284.0,20513.0,2851.0,2439.0
52,MARGARET DRIVE,15595.0,28426.0,15777.0,15730.0,26729.0,15210.0,15817.0,6482.0,13944.0,11060.0,27334.0,6444.0,20199.0,20224.0,16978.0,17241.0,19470.0,3515.0,1148.0
53,BENCOOLEN,7239.0,18687.0,7421.0,6673.0,22766.0,9166.0,24264.0,3223.0,6258.0,4355.0,26738.0,14891.0,10461.0,10486.0,9188.0,9451.0,11114.0,6592.0,9843.0
54,FARRER PARK,7304.0,18370.0,6305.0,5675.0,22449.0,9267.0,23426.0,3963.0,5719.0,3815.0,26421.0,14052.0,10144.0,10169.0,8818.0,9081.0,11711.0,6274.0,9005.0
55,SIMEI,8474.0,35060.0,8656.0,22364.0,39139.0,27509.0,37267.0,17504.0,11408.0,12757.0,43110.0,27893.0,26834.0,26859.0,16539.0,13166.0,6283.0,24480.0,22846.0
56,TAMPINES EAST,10400.0,21075.0,10582.0,13908.0,41065.0,24718.0,39193.0,18452.0,10658.0,12462.0,29132.0,29820.0,28760.0,28785.0,16399.0,12204.0,8209.0,24339.0,24773.0
57,TAMPINES WEST,6645.0,25401.0,7840.0,12167.0,29480.0,22070.0,39720.0,15804.0,8010.0,9814.0,30754.0,30347.0,15818.0,17200.0,13751.0,9556.0,4539.0,21691.0,25300.0
58,YISHUN SOUTH,25616.0,1735.0,17747.0,11667.0,7646.0,8259.0,30816.0,23634.0,16765.0,17561.0,11618.0,31326.0,8107.0,8132.0,12818.0,14562.0,29491.0,17599.0,26279.0
59,NORTHLAND,27609.0,2593.0,19741.0,13661.0,6868.0,12295.0,30038.0,22910.0,18759.0,23512.0,10840.0,27700.0,10100.0,10125.0,14811.0,16309.0,31484.0,19593.0,28253.0
60,YISHUN CENTRAL,26941.0,1088.0,19073.0,12993.0,6200.0,10812.0,29370.0,22242.0,18091.0,18417.0,10172.0,27032.0,9432.0,9457.0,14143.0,15425.0,30816.0,18925.0,27585.0
61,YISHUN WEST,27140.0,4864.0,19272.0,13192.0,6399.0,10306.0,29569.0,22441.0,18290.0,23043.0,12491.0,27231.0,9631.0,9656.0,14342.0,16299.0,31015.0,19124.0,27784.0
62,YISHUN EAST,28602.0,846.0,20734.0,14654.0,7861.0,13065.0,31031.0,23903.0,19752.0,20653.0,11833.0,28693.0,11093.0,11118.0,14212.0,17660.0,32477.0,20586.0,29246.0
63,KHATIB,25464.0,2684.0,17595.0,11515.0,7494.0,8630.0,30664.0,20765.0,16613.0,21367.0,11466.0,28326.0,7955.0,7980.0,12666.0,14714.0,29339.0,17447.0,26108.0
64,HOUGANG CENTRAL,7105.0,15216.0,8113.0,7409.0,22716.0,7917.0,32696.0,13233.0,8801.0,7677.0,25876.0,23322.0,6207.0,6599.0,5758.0,5935.0,12018.0,14927.0,18275.0
65,SHANGRI-LA,23825.0,10874.0,12765.0,6455.0,14954.0,204.0,32405.0,15338.0,15481.0,8764.0,13219.0,23031.0,3227.0,4530.0,5595.0,7823.0,27700.0,11055.0,17984.0
66,SUNGEI SERANGOON WEST,14512.0,13843.0,13483.0,12423.0,19798.0,14123.0,36395.0,16932.0,12500.0,11376.0,21210.0,27021.0,8821.0,8157.0,8270.0,7316.0,18387.0,18626.0,21974.0
67,MIDVIEW,29917.0,9490.0,26441.0,20361.0,1169.0,11786.0,22493.0,30915.0,25459.0,30213.0,3054.0,20155.0,16801.0,16826.0,21512.0,23010.0,38185.0,21011.0,25830.0
68,BUKIT HO SWEE,13254.0,26085.0,13436.0,13389.0,29671.0,18533.0,18760.0,4142.0,11603.0,7354.0,30276.0,9386.0,17858.0,17883.0,14637.0,14900.0,17129.0,5916.0,4563.0
69,SERANGOON GARDEN,9628.0,14938.0,7984.0,4938.0,19281.0,5825.0,28258.0,12028.0,7395.0,6117.0,23252.0,18884.0,1987.0,2512.0,76.0,5058.0,13449.0,13521.0,17070.0
70,SERANGOON CENTRAL,7021.0,16215.0,6610.0,3684.0,19542.0,9626.0,26490.0,10130.0,4643.0,4045.0,23514.0,17116.0,8657.0,9733.0,3636.0,3014.0,11514.0,11753.0,15172.0
71,PANG SUA,36268.0,23273.0,36450.0,34145.0,16473.0,18739.0,18733.0,27155.0,32117.0,30214.0,8595.0,16395.0,30585.0,30610.0,35296.0,28353.0,40143.0,15688.0,22070.0
72,PANG SUA,32667.0,16792.0,32849.0,27664.0,9992.0,19278.0,15132.0,23554.0,31016.0,27967.0,10597.0,12794.0,24103.0,24128.0,28814.0,30312.0,36542.0,13456.0,18469.0
73,VICTORIA,7013.0,20329.0,7195.0,6831.0,24408.0,9848.0,24038.0,4275.0,6218.0,4315.0,28380.0,14665.0,12103.0,12128.0,14509.0,10701.0,10888.0,7135.0,9617.0
74,TELOK BLANGAH WAY,13933.0,25531.0,14115.0,12836.0,29610.0,17676.0,19439.0,4156.0,12104.0,10200.0,30955.0,10065.0,17305.0,17330.0,15134.0,15397.0,17808.0,7048.0,4702.0
75,DEPOT ROAD,15420.0,24430.0,15602.0,17802.0,29383.0,15040.0,18472.0,7888.0,14328.0,12606.0,29988.0,9990.0,16204.0,16229.0,16133.0,19123.0,19295.0,5343.0,3308.0
76,PAYA LEBAR,4713.0,17829.0,3748.0,5041.0,21908.0,9556.0,28856.0,9296.0,1973.0,3306.0,25880.0,19482.0,7393.0,7922.0,4700.0,3801.0,8652.0,14118.0,16853.0
77,TIONG BAHRU,13006.0,25837.0,13188.0,13141.0,29423.0,13869.0,18512.0,3894.0,11355.0,8283.0,30028.0,9138.0,17610.0,17635.0,14389.0,14652.0,16881.0,7051.0,4091.0
78,KAMPONG TIONG BAHRU,13493.0,26324.0,13675.0,13628.0,29910.0,15414.0,18999.0,4381.0,11842.0,8085.0,30515.0,9625.0,18097.0,18122.0,13590.0,13944.0,17368.0,6567.0,4060.0
79,DOVER,19936.0,30507.0,20118.0,11946.0,23707.0,17312.0,12795.0,10823.0,19258.0,17632.0,24312.0,3957.0,18378.0,18250.0,17444.0,17298.0,23811.0,5124.0,5429.0
80,WOODGROVE,28403.0,11007.0,27959.0,21878.0,4207.0,12820.0,20959.0,29381.0,26977.0,24939.0,4006.0,18621.0,18318.0,18343.0,23029.0,24527.0,42369.0,19377.0,24296.0
81,SEMBAWANG CENTRAL,29848.0,5028.0,21979.0,15899.0,2966.0,13014.0,26136.0,25149.0,20997.0,25751.0,6938.0,23798.0,12339.0,12364.0,17050.0,18548.0,33723.0,21831.0,29473.0
82,SEMBAWANG NORTH,30675.0,5855.0,22806.0,16726.0,3793.0,13841.0,26963.0,25976.0,21824.0,26578.0,9420.0,24625.0,13166.0,13191.0,17877.0,19375.0,34550.0,22658.0,30300.0
83,BRADDELL,15304.0,13079.0,15486.0,744.0,17158.0,5528.0,30368.0,10605.0,8798.0,11207.0,21129.0,20995.0,4853.0,4878.0,4973.0,11062.0,19179.0,7064.0,15948.0
84,POTONG PASIR,6218.0,24423.0,5781.0,2003.0,28502.0,11441.0,27017.0,7554.0,3667.0,1907.0,32474.0,17643.0,10688.0,16222.0,5373.0,5636.0,13668.0,13496.0,12596.0
85,KIM KEAT,6792.0,15354.0,6355.0,1081.0,19433.0,9123.0,30854.0,8790.0,4241.0,2481.0,26029.0,14920.0,7128.0,7153.0,6787.0,7167.0,14242.0,8326.0,11244.0
86,TOA PAYOH CENTRAL,8920.0,14439.0,8483.0,1622.0,18518.0,6865.0,29939.0,10176.0,6369.0,4755.0,22490.0,20566.0,6213.0,6238.0,7290.0,9295.0,18750.0,6583.0,15519.0
87,MARYMOUNT,12395.0,13678.0,11366.0,2219.0,17757.0,6074.0,20550.0,11204.0,10383.0,12154.0,17608.0,11176.0,5452.0,5477.0,8569.0,8423.0,16270.0,5813.0,10700.0
88,MARYMOUNT,10565.0,12922.0,9536.0,5169.0,17001.0,2464.0,24126.0,12792.0,8554.0,8137.0,20973.0,14752.0,3831.0,3703.0,6739.0,7461.0,14440.0,9388.0,18135.0
89,BOON TECK,8449.0,14580.0,9763.0,143.0,18659.0,6318.0,30080.0,10317.0,8260.0,3863.0,22631.0,20707.0,6354.0,6379.0,5691.0,7943.0,18891.0,7300.0,10816.0
90,PEI CHUN,7361.0,14319.0,6924.0,963.0,18398.0,6059.0,31608.0,8998.0,4810.0,3050.0,22369.0,15489.0,6093.0,6118.0,4522.0,7736.0,14811.0,8867.0,12383.0
91,KALLANG,7999.0,14429.0,9177.0,1073.0,18508.0,5395.0,22773.0,10515.0,6390.0,4824.0,22479.0,18302.0,5022.0,6849.0,3821.0,6074.0,12776.0,7848.0,11366.0
92,TYERSALL,15686.0,20428.0,16866.0,8570.0,24507.0,11692.0,16486.0,11722.0,15883.0,17244.0,23226.0,7112.0,12202.0,12227.0,14068.0,13922.0,21770.0,1667.0,5409.0
93,WOODLANDS WEST,28833.0,11340.0,28292.0,22211.0,4540.0,13350.0,21292.0,29714.0,27310.0,32063.0,995.0,18954.0,18651.0,18676.0,23362.0,24860.0,42702.0,28144.0,24629.0
94,FRANKEL,2683.0,29591.0,3972.0,11183.0,33670.0,22040.0,31799.0,12035.0,8044.0,8015.0,37641.0,22425.0,12786.0,13315.0,12500.0,7357.0,2942.0,16988.0,17378.0
95,UPPER THOMSON,14535.0,14431.0,13506.0,4889.0,15035.0,3934.0,22690.0,10769.0,12523.0,14294.0,15468.0,15428.0,5931.0,5804.0,10709.0,10563.0,18410.0,7428.0,10939.0
96,BISHAN EAST,9902.0,12389.0,8873.0,3764.0,16468.0,4838.0,23463.0,12259.0,7891.0,9662.0,20440.0,14089.0,4163.0,4188.0,4898.0,7533.0,13777.0,8725.0,13613.0
97,BUKIT BATOK EAST,27128.0,23034.0,27310.0,14763.0,16234.0,15339.0,9593.0,18015.0,17501.0,15811.0,16839.0,5324.0,30345.0,30370.0,21792.0,21302.0,31003.0,9338.0,12930.0
98,BUKIT BATOK WEST,27119.0,23025.0,27301.0,17058.0,16225.0,25511.0,9584.0,18006.0,25468.0,25391.0,16830.0,6561.0,30336.0,30361.0,24087.0,23597.0,30994.0,11633.0,12921.0
99,HILLVIEW,21119.0,28222.0,19233.0,15527.0,18378.0,18712.0,17180.0,18797.0,26468.0,24564.0,13926.0,7964.0,19996.0,20021.0,21088.0,21977.0,24994.0,9140.0,12639.0
100,GOMBAK,22009.0,29111.0,22191.0,16416.0,15401.0,19602.0,19133.0,19687.0,27358.0,25454.0,12581.0,9917.0,20885.0,20910.0,21978.0,22867.0,25884.0,11098.0,14597.0
101,GUILIN,27604.0,21181.0,27786.0,32052.0,14380.0,23667.0,10069.0,18491.0,25953.0,16691.0,14986.0,7731.0,28492.0,28517.0,33203.0,29250.0,31479.0,13433.0,13406.0
102,BUKIT BATOK CENTRAL,26159.0,22065.0,26341.0,32936.0,15265.0,24551.0,8624.0,17046.0,24508.0,16889.0,15870.0,6286.0,29376.0,29401.0,34087.0,27805.0,30034.0,11988.0,11961.0
103,SUNSET WAY,21969.0,29181.0,19147.0,13381.0,22381.0,14678.0,11469.0,12856.0,17034.0,23209.0,22986.0,1948.0,15744.0,15617.0,17484.0,19936.0,25844.0,5825.0,7771.0
104,CLEMENTI CENTRAL,20931.0,28143.0,21113.0,21093.0,21343.0,16804.0,10431.0,11818.0,19280.0,19401.0,21948.0,253.0,25535.0,25560.0,19080.0,22577.0,24806.0,6679.0,6733.0
105,CLEMENTI NORTH,20778.0,27990.0,20960.0,20940.0,21190.0,17481.0,10278.0,11665.0,19127.0,19248.0,21795.0,755.0,15671.0,15544.0,18927.0,22424.0,24653.0,7355.0,6580.0
106,LOWER SELETAR,,3640.0,,,,,,,,,,,,,,,,,
107,TANJONG RHU,5307.0,24164.0,4278.0,11468.0,28243.0,19136.0,26647.0,6325.0,5323.0,7094.0,32215.0,17274.0,15938.0,15963.0,10816.0,9256.0,8584.0,18757.0,12227.0
108,SAUJANA,21882.0,22709.0,23346.0,33581.0,15909.0,25196.0,18169.0,26591.0,29814.0,27911.0,16515.0,15831.0,30021.0,30046.0,26250.0,26513.0,39579.0,13429.0,21506.0
109,BUKIT PANJANG,20342.0,21062.0,22892.0,17117.0,14262.0,23549.0,16522.0,20388.0,28058.0,26155.0,14868.0,14184.0,28374.0,28399.0,22679.0,23568.0,26585.0,11643.0,19859.0
110,SENJA,22708.0,21629.0,22964.0,17189.0,14829.0,20375.0,17089.0,20460.0,28130.0,26227.0,10358.0,12179.0,28941.0,28966.0,22751.0,23640.0,26657.0,11805.0,20426.0
111,FARRER COURT,15354.0,19802.0,16240.0,7944.0,23881.0,10537.0,15860.0,11096.0,15257.0,17028.0,22600.0,6486.0,11576.0,11601.0,13442.0,13296.0,21144.0,378.0,4079.0
112,FAJAR,20841.0,22678.0,22305.0,33550.0,15878.0,25165.0,18138.0,26560.0,29783.0,27880.0,16484.0,15800.0,29990.0,30015.0,34701.0,25176.0,39548.0,13398.0,21475.0
113,EVERTON PARK,11696.0,22919.0,9452.0,10223.0,31187.0,14508.0,20276.0,1401.0,9478.0,7180.0,31792.0,10902.0,14693.0,14718.0,12728.0,12991.0,15571.0,7606.0,5122.0
114,TELOK BLANGAH RISE,14395.0,24923.0,14476.0,12228.0,29002.0,15864.0,19901.0,3548.0,11496.0,8536.0,32974.0,10527.0,16697.0,16722.0,16168.0,16431.0,18270.0,7289.0,4782.0
115,BUKIT BATOK SOUTH,25517.0,23719.0,25699.0,14952.0,16919.0,15857.0,10278.0,16404.0,26094.0,17524.0,17524.0,5392.0,31030.0,31055.0,21981.0,21491.0,29392.0,9855.0,11319.0
116,TIONG BAHRU STATION,12554.0,25385.0,12736.0,12689.0,28971.0,17833.0,18060.0,3442.0,10903.0,11024.0,29576.0,8686.0,17158.0,17183.0,13937.0,14200.0,16429.0,8238.0,3639.0
117,REDHILL,13840.0,26670.0,14022.0,13974.0,27803.0,14993.0,16892.0,4727.0,12189.0,12309.0,28408.0,7518.0,18443.0,18468.0,15223.0,15486.0,17715.0,5784.0,2471.0
118,TELOK BLANGAH DRIVE,15762.0,27188.0,16693.0,17407.0,31267.0,20529.0,20599.0,5813.0,13761.0,11857.0,32063.0,11225.0,18962.0,18987.0,17199.0,17462.0,19637.0,10585.0,5386.0
119,HENDERSON HILL,12971.0,25802.0,13153.0,13106.0,29388.0,15504.0,18477.0,3859.0,11320.0,9454.0,29993.0,9103.0,17575.0,17600.0,14354.0,14617.0,16846.0,5458.0,3425.0
120,ALEXANDRA HILL,14543.0,27373.0,14725.0,11923.0,28506.0,14801.0,17595.0,5430.0,12892.0,11370.0,29111.0,8221.0,19146.0,19171.0,15376.0,16189.0,18418.0,4594.0,2079.0
121,BUKIT MERAH,14643.0,22363.0,14825.0,12929.0,28606.0,16635.0,17695.0,6544.0,12992.0,11471.0,29211.0,8321.0,18700.0,18573.0,14318.0,17895.0,18518.0,5694.0,3960.0
122,BANGKIT,20119.0,15017.0,21583.0,17516.0,14974.0,20584.0,17234.0,17272.0,20406.0,18503.0,11850.0,10360.0,21986.0,22011.0,23420.0,23683.0,24878.0,12817.0,20571.0
123,ADMIRALTY,30353.0,5533.0,22484.0,16404.0,3471.0,13519.0,26641.0,25654.0,21502.0,26256.0,7443.0,24303.0,12844.0,12869.0,17555.0,19053.0,34228.0,22336.0,29978.0
124,SENGKANG TOWN CENTRE,12735.0,15026.0,11706.0,10646.0,19230.0,11236.0,34618.0,15155.0,10723.0,9599.0,20630.0,25244.0,9152.0,7615.0,8726.0,5539.0,17074.0,16849.0,20197.0
125,BUANGKOK,13215.0,12826.0,12186.0,11126.0,17160.0,10728.0,35098.0,15635.0,11203.0,10079.0,21922.0,25724.0,8229.0,7946.0,9206.0,6019.0,17090.0,17329.0,20677.0
126,JALAN KAYU EAST,15838.0,9710.0,14809.0,14530.0,15845.0,8289.0,37721.0,18258.0,13826.0,12702.0,19817.0,28347.0,6899.0,6615.0,5992.0,8642.0,18694.0,19952.0,23300.0
127,SERANGOON NORTH,9045.0,12351.0,8776.0,8974.0,16431.0,4591.0,31038.0,14808.0,7817.0,9533.0,20402.0,21246.0,2189.0,3326.0,3344.0,5265.0,13851.0,14710.0,26162.0
128,CHENG SAN,10982.0,10291.0,10727.0,5626.0,14371.0,3746.0,34638.0,12826.0,10724.0,9003.0,18342.0,25265.0,971.0,10.0,2473.0,7202.0,15788.0,11558.0,20218.0
129,YIO CHU KANG,20791.0,8566.0,12922.0,6842.0,12645.0,4343.0,35815.0,16092.0,11940.0,16694.0,16616.0,26482.0,3282.0,2981.0,8490.0,9638.0,24666.0,12774.0,21435.0
130,KEBUN BAHRU,17156.0,12341.0,16127.0,7804.0,12449.0,1350.0,25311.0,13883.0,15144.0,16915.0,12882.0,15937.0,3494.0,4221.0,5234.0,9518.0,21031.0,10574.0,15461.0
131,CHONG BOON,10594.0,10397.0,9366.0,5732.0,14477.0,3126.0,31329.0,14263.0,8193.0,7815.0,18448.0,21955.0,519.0,1341.0,1828.0,6852.0,14830.0,13504.0,16908.0
132,TOWN CENTRE,19180.0,9897.0,11312.0,5232.0,13977.0,1711.0,34244.0,14481.0,10330.0,9067.0,17948.0,24871.0,1641.0,1009.0,5819.0,7850.0,23055.0,11164.0,19824.0
133,TOWNSVILLE,19278.0,9995.0,9625.0,5330.0,14075.0,1442.0,31173.0,14106.0,8452.0,7518.0,18046.0,21799.0,1275.0,1596.0,4350.0,7755.0,15089.0,11262.0,16752.0
134,BEDOK NORTH,4913.0,24264.0,5053.0,13368.0,35679.0,20933.0,33807.0,14044.0,6873.0,8677.0,32321.0,24433.0,17470.0,18546.0,13132.0,8178.0,1556.0,20554.0,19386.0
135,KEMBANGAN,2350.0,28935.0,2532.0,16239.0,33014.0,21384.0,31143.0,11379.0,5284.0,7750.0,36985.0,21769.0,12521.0,20734.0,12235.0,7092.0,4034.0,18356.0,16722.0
136,BEDOK SOUTH,6366.0,32952.0,6548.0,20256.0,37031.0,25401.0,35159.0,15396.0,9300.0,11032.0,41002.0,25786.0,16267.0,16796.0,15981.0,10838.0,1244.0,19978.0,20739.0
137,BEDOK RESERVOIR,4511.0,23844.0,5519.0,11518.0,28384.0,20974.0,35477.0,14709.0,6201.0,8718.0,31901.0,26103.0,12718.0,13247.0,12655.0,6781.0,3293.0,20595.0,21056.0
138,KAKI BUKIT,2620.0,20654.0,3455.0,9398.0,24733.0,17323.0,32869.0,11057.0,3263.0,5067.0,28705.0,23496.0,10090.0,12453.0,9004.0,4639.0,5455.0,16944.0,15589.0
139,TECK WHYE,21964.0,20329.0,22251.0,20293.0,13529.0,21670.0,15789.0,20049.0,28242.0,26339.0,10662.0,13451.0,27641.0,27666.0,26198.0,26461.0,26769.0,15594.0,19126.0
140,KEAT HONG,22903.0,19078.0,23452.0,29950.0,12278.0,21565.0,14538.0,22960.0,29729.0,27826.0,12884.0,12200.0,26390.0,26415.0,31101.0,25239.0,35948.0,13343.0,17875.0
141,0,32246.0,16371.0,32428.0,27243.0,9571.0,18857.0,14711.0,23133.0,30595.0,37094.0,10176.0,12373.0,23682.0,23707.0,28393.0,29891.0,36121.0,18075.0,18048.0
142,KRANJI NORTH,32707.0,16832.0,32889.0,27704.0,10032.0,19318.0,15172.0,23594.0,31056.0,28773.0,10637.0,12834.0,24143.0,24168.0,28854.0,30352.0,36582.0,18536.0,18509.0
143,PENG SIANG,31456.0,18461.0,31638.0,29333.0,11661.0,20948.0,13921.0,22343.0,29805.0,28616.0,12267.0,11583.0,25773.0,25798.0,30484.0,31982.0,35331.0,17285.0,17258.0
144,CLEMENTI WEST,23607.0,30819.0,23323.0,16439.0,24019.0,19561.0,13107.0,14494.0,23752.0,17689.0,24624.0,2228.0,20071.0,20096.0,21937.0,23445.0,27482.0,9617.0,8499.0
145,CLEMENTI WOODS,23921.0,28687.0,23080.0,16829.0,22995.0,19951.0,12083.0,11851.0,24142.0,18815.0,24487.0,1905.0,20461.0,20486.0,22327.0,23978.0,26790.0,7502.0,9529.0
146,CORONATION ROAD,14362.0,21464.0,13574.0,9024.0,25543.0,9600.0,17461.0,12040.0,11931.0,17806.0,18264.0,7758.0,10666.0,10538.0,14816.0,14833.0,18237.0,3527.0,7041.0
147,ANAK BUKIT,17900.0,25002.0,18082.0,12654.0,18845.0,13516.0,15362.0,15578.0,23248.0,21345.0,15358.0,5738.0,16776.0,16801.0,17869.0,18758.0,21775.0,7157.0,9957.0
148,CHANGI POINT,15349.0,31755.0,15733.0,20640.0,35719.0,31739.0,44142.0,25473.0,17679.0,19483.0,37136.0,34768.0,21341.0,26133.0,20267.0,16196.0,11906.0,31360.0,29721.0
149,LAVENDER,6095.0,23119.0,5215.0,5995.0,27198.0,13775.0,25327.0,5563.0,4382.0,2479.0,31169.0,15953.0,14893.0,14918.0,8354.0,8617.0,9970.0,7625.0,10906.0
150,MOULMEIN,13135.0,15649.0,8927.0,2953.0,19728.0,7058.0,28199.0,8436.0,11368.0,9039.0,23699.0,18826.0,7423.0,7448.0,8430.0,14395.0,17010.0,5551.0,13779.0
