,SUBZONE_N,341,11,193,226,187,25,77,138,101,273,96,10,133,232,18,5,233,176,275,207,344,315,246,293,200,15,100,58,7,31,245,95,257,134,60
0,PASIR RIS TOWN,32568.0,13660.0,13652.0,32857.0,10188.0,4914.0,30091.0,29801.0,20067.0,17378.0,29709.0,40152.0,30732.0,5023.0,33617.0,7391.0,3352.0,1115.0,7042.0,3958.0,31393.0,25372.0,9592.0,26912.0,45617.0,40994.0,17541.0,12832.0,9970.0,19389.0,5071.0,12197.0,56115.0,18127.0,11728.0
1,MACPHERSON,20701.0,9992.0,9984.0,15993.0,5045.0,14827.0,24097.0,9904.0,8956.0,17432.0,16682.0,20255.0,14125.0,12511.0,27624.0,12757.0,12031.0,13103.0,8393.0,12953.0,25399.0,18916.0,5971.0,20919.0,25721.0,29996.0,4955.0,9164.0,13045.0,6780.0,13911.0,6876.0,44238.0,4270.0,7466.0
2,GEYLANG EAST,22817.0,7391.0,11996.0,14139.0,6320.0,8943.0,19291.0,10968.0,9267.0,18496.0,17746.0,21319.0,19932.0,11408.0,22817.0,13820.0,11843.0,13365.0,6036.0,12029.0,20593.0,19980.0,3503.0,18758.0,29882.0,30194.0,6360.0,11177.0,14108.0,8589.0,9100.0,3319.0,45315.0,7483.0,9271.0
3,ALJUNIED,19088.0,8162.0,12601.0,19377.0,7307.0,10848.0,16611.0,16321.0,6586.0,15074.0,18517.0,26672.0,17252.0,12951.0,20137.0,14591.0,13885.0,15270.0,7941.0,13571.0,17913.0,25333.0,5045.0,13432.0,32137.0,27514.0,4061.0,11781.0,14879.0,5909.0,11005.0,5522.0,42635.0,5889.0,9638.0
4,ROSYTH,23597.0,3446.0,5276.0,7764.0,1359.0,16693.0,19340.0,5199.0,11443.0,12233.0,9190.0,18340.0,17180.0,14372.0,22867.0,6985.0,13959.0,10384.0,13786.0,14653.0,20642.0,23925.0,10805.0,16162.0,23806.0,31034.0,7865.0,4457.0,7274.0,10851.0,16850.0,10176.0,39481.0,6919.0,3349.0
5,LORONG AH SOO,23871.0,5246.0,7039.0,10921.0,269.0,14910.0,19614.0,6965.0,11717.0,12507.0,10953.0,18614.0,17454.0,13620.0,23141.0,7259.0,13207.0,9633.0,11318.0,13901.0,20916.0,16281.0,8404.0,16436.0,24080.0,31308.0,8139.0,6219.0,7548.0,11125.0,15067.0,7775.0,39755.0,7193.0,5115.0
6,TRAFALGAR,23634.0,5592.0,3723.0,8941.0,5690.0,14835.0,22064.0,5563.0,18192.0,9670.0,7010.0,16177.0,20009.0,14582.0,33054.0,5930.0,13541.0,10213.0,16963.0,14316.0,23366.0,15616.0,11437.0,18862.0,22757.0,33758.0,10589.0,2075.0,5369.0,13575.0,14992.0,14284.0,44011.0,9643.0,4135.0
7,TRAFALGAR,30101.0,8912.0,5366.0,9785.0,8089.0,23197.0,25844.0,10039.0,17947.0,9649.0,9155.0,20993.0,23684.0,15362.0,29371.0,5744.0,15012.0,10915.0,20290.0,15096.0,27146.0,16368.0,17142.0,22666.0,18723.0,37538.0,14369.0,3059.0,4856.0,17355.0,23354.0,19567.0,45985.0,13424.0,8504.0
8,TAI KENG,27437.0,9192.0,8367.0,11868.0,2016.0,12421.0,19048.0,7912.0,14935.0,12966.0,12280.0,18912.0,16776.0,14575.0,22574.0,9172.0,14276.0,10701.0,9595.0,15196.0,20350.0,17609.0,6662.0,15731.0,24377.0,35863.0,11554.0,7547.0,9461.0,13379.0,12578.0,6089.0,46746.0,6317.0,6063.0
9,YUHUA,6386.0,21740.0,33774.0,22609.0,27679.0,33945.0,8240.0,31986.0,18372.0,26531.0,25781.0,23462.0,9001.0,37670.0,5716.0,33080.0,36982.0,38367.0,31039.0,38713.0,6798.0,25461.0,27890.0,10674.0,18020.0,5841.0,21116.0,33551.0,33368.0,19863.0,34102.0,28590.0,22845.0,22167.0,33858.0
10,TEBAN GARDENS,2819.0,21932.0,27630.0,22802.0,27024.0,34757.0,10223.0,33932.0,19184.0,21814.0,27727.0,25408.0,9813.0,38482.0,11233.0,32425.0,37794.0,39179.0,31851.0,39525.0,9196.0,27407.0,28028.0,12005.0,19966.0,9680.0,20173.0,35497.0,32714.0,17782.0,34914.0,25065.0,24791.0,21513.0,22839.0
11,TOH GUAN,5418.0,20578.0,33746.0,32073.0,26517.0,32783.0,11205.0,31958.0,17210.0,26503.0,25753.0,23434.0,7839.0,36508.0,6934.0,31918.0,35820.0,37205.0,29877.0,37551.0,6565.0,25433.0,26728.0,10243.0,17992.0,7706.0,19955.0,33523.0,32206.0,18701.0,32940.0,27428.0,22817.0,21005.0,33830.0
12,JURONG REGIONAL CENTRE,4975.0,19237.0,32405.0,30732.0,25176.0,31442.0,10155.0,30617.0,15869.0,25162.0,24412.0,22093.0,6498.0,35167.0,9440.0,30577.0,34479.0,35864.0,28536.0,36210.0,10681.0,24092.0,25387.0,9313.0,16651.0,6365.0,18614.0,32182.0,30865.0,17360.0,31599.0,26087.0,21476.0,19664.0,32489.0
13,BOON LAY,6797.0,22001.0,27699.0,21180.0,27940.0,34206.0,8473.0,30508.0,18633.0,20449.0,23559.0,24712.0,9262.0,37931.0,6659.0,33341.0,37243.0,38628.0,31300.0,38974.0,6972.0,20826.0,28151.0,10968.0,19270.0,6102.0,21377.0,26879.0,33629.0,20124.0,34363.0,28851.0,17707.0,22428.0,21110.0
14,BOON LAY,9709.0,25277.0,30975.0,26146.0,31216.0,37482.0,11543.0,33783.0,21908.0,25152.0,26835.0,26441.0,12537.0,41207.0,8643.0,36617.0,40519.0,41904.0,34575.0,42250.0,13189.0,22810.0,31427.0,14038.0,20999.0,4534.0,20494.0,30155.0,36905.0,23400.0,37639.0,32127.0,14204.0,25704.0,24180.0
15,CENTRAL,10179.0,24442.0,30140.0,25311.0,30381.0,36647.0,15359.0,32948.0,21073.0,26750.0,26000.0,27308.0,11702.0,40372.0,9822.0,35782.0,39684.0,41069.0,33740.0,41415.0,15885.0,29307.0,30592.0,14518.0,21866.0,1423.0,23818.0,29320.0,36070.0,22565.0,36804.0,31292.0,15336.0,24869.0,28224.0
16,CENTRAL,11966.0,29239.0,26235.0,24562.0,26906.0,38433.0,10234.0,24448.0,22860.0,18993.0,18243.0,15923.0,13489.0,42158.0,3166.0,32307.0,41470.0,42855.0,35527.0,43201.0,6860.0,17922.0,32378.0,12499.0,10482.0,13356.0,18572.0,26012.0,27811.0,19564.0,38590.0,25606.0,15136.0,21395.0,26392.0
17,HONG KAH,8304.0,22985.0,28683.0,23854.0,28924.0,35190.0,9980.0,31492.0,19617.0,25293.0,24543.0,25852.0,10246.0,38915.0,7526.0,34325.0,38227.0,39612.0,32284.0,39958.0,10562.0,27851.0,29135.0,12475.0,20410.0,4351.0,22361.0,27863.0,34613.0,21108.0,35347.0,29835.0,16451.0,23412.0,22617.0
18,HONG KAH,9190.0,23374.0,29953.0,28279.0,29313.0,35579.0,7901.0,28165.0,20006.0,22710.0,21960.0,19641.0,10635.0,39304.0,3323.0,34714.0,38616.0,40001.0,32673.0,40347.0,6359.0,21640.0,29524.0,10720.0,14199.0,10502.0,22751.0,29730.0,31529.0,21497.0,35736.0,30224.0,19023.0,19317.0,30037.0
19,WENYA,10628.0,27436.0,35402.0,24834.0,33375.0,39641.0,12128.0,33615.0,24067.0,24103.0,27410.0,25090.0,14103.0,43366.0,12001.0,38776.0,42678.0,44063.0,36734.0,44409.0,13774.0,27089.0,33586.0,14623.0,19649.0,3618.0,26812.0,35179.0,39064.0,25559.0,39798.0,34286.0,13919.0,27863.0,24765.0
20,YUNNAN,11657.0,25920.0,31618.0,26789.0,31859.0,38125.0,16837.0,34426.0,22551.0,28228.0,27478.0,28786.0,13180.0,41850.0,11358.0,37260.0,41162.0,42547.0,35218.0,42893.0,17363.0,30785.0,32070.0,15996.0,23344.0,1331.0,25296.0,30798.0,37548.0,24042.0,38282.0,32770.0,15529.0,26347.0,29702.0
21,TAMAN JURONG,8212.0,23484.0,29182.0,24353.0,29423.0,35689.0,14402.0,31991.0,20116.0,25792.0,25042.0,26351.0,10745.0,39414.0,9435.0,34824.0,38726.0,40111.0,32783.0,40457.0,13330.0,28350.0,29634.0,16252.0,20909.0,4850.0,22860.0,28362.0,35112.0,21607.0,35846.0,30334.0,18527.0,23911.0,26398.0
22,BUGIS,15474.0,11730.0,12939.0,15762.0,9946.0,14416.0,12678.0,12706.0,2972.0,11078.0,16379.0,23057.0,9893.0,18141.0,16204.0,15347.0,17453.0,18838.0,11509.0,19184.0,13980.0,16918.0,8361.0,9499.0,28522.0,23899.0,1580.0,12119.0,15635.0,5878.0,14573.0,8762.0,32818.0,4434.0,13206.0
23,BALESTIER,19532.0,5782.0,14714.0,10348.0,8536.0,15998.0,12410.0,7532.0,5990.0,9616.0,10592.0,17883.0,9605.0,17662.0,15937.0,13937.0,17603.0,20420.0,13092.0,18104.0,13712.0,16544.0,9723.0,8458.0,23348.0,27688.0,3891.0,15309.0,14226.0,5935.0,16155.0,9102.0,45717.0,3361.0,11234.0
24,SUNGEI ROAD,16067.0,10743.0,14920.0,11720.0,9334.0,13863.0,12443.0,10165.0,4776.0,11109.0,14548.0,20516.0,14230.0,16645.0,15969.0,14735.0,16165.0,18285.0,10957.0,17087.0,13745.0,16949.0,7808.0,9264.0,25982.0,24492.0,490.0,14100.0,15023.0,2600.0,18046.0,8323.0,32583.0,4088.0,12402.0
25,LITTLE INDIA,16151.0,10777.0,11932.0,12989.0,8939.0,18995.0,12210.0,9932.0,4810.0,10950.0,14266.0,20283.0,10359.0,16679.0,15736.0,14340.0,16199.0,19515.0,12186.0,17121.0,13512.0,16790.0,9558.0,9031.0,25749.0,24576.0,207.0,11112.0,14628.0,2634.0,18080.0,8678.0,32350.0,2906.0,12436.0
26,PEARL'S HILL,11857.0,11680.0,15032.0,18604.0,12039.0,19245.0,17441.0,15547.0,3672.0,13805.0,21143.0,25899.0,10021.0,20095.0,20968.0,17440.0,19615.0,23667.0,16339.0,20537.0,18743.0,24560.0,13190.0,14263.0,30579.0,20283.0,4224.0,14212.0,17729.0,2247.0,21495.0,11506.0,35404.0,6528.0,14532.0
27,CHINA SQUARE,11906.0,11285.0,14637.0,16280.0,11644.0,16934.0,16586.0,13223.0,1178.0,17670.0,15926.0,23575.0,13671.0,19693.0,20113.0,17045.0,19213.0,21355.0,14027.0,20135.0,17889.0,22236.0,10878.0,13408.0,29040.0,22287.0,3822.0,13817.0,17334.0,1845.0,21093.0,10461.0,36727.0,6133.0,14137.0
28,CHINATOWN,11416.0,11460.0,14812.0,17253.0,11819.0,17895.0,17373.0,14196.0,2321.0,13585.0,16899.0,24548.0,10741.0,20027.0,20900.0,17220.0,19547.0,22316.0,14988.0,20469.0,18675.0,23209.0,11839.0,14195.0,31299.0,21003.0,4156.0,13992.0,17509.0,2173.0,18052.0,11087.0,36124.0,6308.0,14312.0
29,PASIR RIS DRIVE,33936.0,15245.0,15237.0,19099.0,11772.0,5810.0,31459.0,15163.0,21435.0,18963.0,18468.0,23483.0,32100.0,1691.0,34985.0,8976.0,1277.0,2726.0,8410.0,1797.0,32761.0,22370.0,10960.0,28280.0,27464.0,42362.0,17822.0,14417.0,11554.0,19647.0,5936.0,12434.0,57483.0,17365.0,13313.0
30,ELIAS,33873.0,19995.0,14006.0,16932.0,9714.0,6219.0,34673.0,15846.0,21372.0,16796.0,16301.0,21471.0,32037.0,6144.0,38199.0,6917.0,5731.0,1023.0,8347.0,5498.0,35975.0,20358.0,10897.0,26865.0,25452.0,42299.0,15530.0,13208.0,10188.0,17355.0,6376.0,11873.0,47609.0,17597.0,11254.0
31,SZ3,29328.0,10407.0,6695.0,11456.0,7316.0,13255.0,25071.0,13720.0,17174.0,11320.0,10825.0,19649.0,22912.0,11504.0,28598.0,3700.0,11091.0,7517.0,16216.0,11813.0,26373.0,14107.0,14809.0,21893.0,21339.0,36765.0,13596.0,5200.0,3268.0,16582.0,15652.0,18217.0,43707.0,12651.0,7859.0
32,CRAWFORD,18403.0,10927.0,14725.0,16540.0,11955.0,13871.0,17078.0,13483.0,2896.0,22032.0,21282.0,23834.0,11319.0,17044.0,20605.0,17356.0,16564.0,18293.0,10964.0,17486.0,18380.0,22495.0,7816.0,13900.0,29300.0,24952.0,1669.0,13905.0,17644.0,3499.0,14028.0,7410.0,37219.0,7024.0,12549.0
33,BOON KENG,17861.0,9386.0,13785.0,18149.0,8429.0,12459.0,15384.0,15093.0,5359.0,15228.0,17795.0,25444.0,16025.0,16184.0,18910.0,13531.0,15496.0,16880.0,9552.0,17227.0,16686.0,21068.0,6403.0,12205.0,30909.0,26286.0,4198.0,12966.0,13820.0,4681.0,12616.0,6563.0,41408.0,3079.0,11249.0
34,KAMPONG JAVA,16950.0,7710.0,11062.0,10154.0,8069.0,16454.0,12132.0,7525.0,4398.0,9543.0,11103.0,17876.0,10533.0,17839.0,15659.0,13470.0,17359.0,16922.0,13547.0,18281.0,13434.0,15383.0,9580.0,8954.0,23341.0,24387.0,990.0,10242.0,13759.0,4204.0,16611.0,10774.0,32273.0,2558.0,10562.0
35,BENDEMEER,18036.0,9147.0,9862.0,13150.0,6869.0,18844.0,13778.0,13893.0,5882.0,13014.0,12316.0,24244.0,11619.0,18151.0,17305.0,12270.0,16049.0,15722.0,16747.0,16971.0,15080.0,17645.0,10495.0,10600.0,29710.0,25472.0,2304.0,9042.0,12559.0,5290.0,17929.0,9074.0,33919.0,719.0,9362.0
36,GEYLANG BAHRU,19124.0,6989.0,12247.0,12233.0,7077.0,16287.0,22520.0,14657.0,7379.0,13014.0,12328.0,25008.0,12547.0,13972.0,26046.0,11667.0,13492.0,14564.0,10466.0,14414.0,23822.0,19639.0,8084.0,19341.0,25088.0,28419.0,3377.0,11427.0,11956.0,5202.0,15372.0,9231.0,42660.0,1962.0,9729.0
37,KAMPONG BUGIS,17892.0,9804.0,13847.0,18180.0,8479.0,12490.0,15415.0,15124.0,5390.0,15175.0,17826.0,25475.0,16056.0,16215.0,18941.0,14741.0,15527.0,16911.0,9583.0,17258.0,16717.0,21015.0,6434.0,12236.0,30940.0,26317.0,3379.0,13027.0,15030.0,4712.0,12647.0,6802.0,41439.0,3828.0,11280.0
38,MARINE PARADE,22465.0,15637.0,13646.0,19836.0,7653.0,8622.0,19763.0,17527.0,9017.0,18316.0,19002.0,27878.0,22725.0,13236.0,23289.0,22283.0,15951.0,15509.0,8273.0,13857.0,21065.0,24156.0,4626.0,17374.0,31514.0,31022.0,8775.0,12827.0,22571.0,9983.0,9089.0,2132.0,40674.0,8285.0,11334.0
39,NORTH COAST,21776.0,22423.0,15307.0,11907.0,25351.0,36603.0,17038.0,19765.0,32132.0,11864.0,11114.0,7348.0,23299.0,29388.0,14010.0,30752.0,30298.0,24751.0,33696.0,30660.0,13404.0,10201.0,30548.0,24993.0,4608.0,23166.0,26367.0,15902.0,18611.0,31454.0,36760.0,32443.0,25116.0,27235.0,16167.0
40,WOODLANDS SOUTH,22109.0,19131.0,12014.0,8614.0,22059.0,33311.0,24837.0,17047.0,29414.0,8571.0,7821.0,10730.0,22717.0,27522.0,13643.0,27460.0,28432.0,22909.0,30404.0,28794.0,13961.0,8528.0,27256.0,21701.0,3087.0,23499.0,23075.0,12609.0,20927.0,28736.0,33468.0,32756.0,25450.0,23943.0,12874.0
41,WOODLANDS EAST,22068.0,18431.0,15427.0,13754.0,21359.0,39450.0,17343.0,13640.0,26006.0,11550.0,10800.0,5115.0,23591.0,29544.0,13372.0,19263.0,28448.0,24874.0,36543.0,30815.0,13710.0,4465.0,33394.0,27136.0,3039.0,23458.0,23173.0,15204.0,17003.0,25328.0,39607.0,34094.0,25408.0,27287.0,15512.0
42,SZ4,30722.0,11801.0,7531.0,13092.0,8710.0,12495.0,26465.0,15114.0,18568.0,12956.0,21892.0,16566.0,24306.0,12944.0,29992.0,2987.0,12531.0,7371.0,15174.0,13225.0,27767.0,16147.0,17724.0,23287.0,21241.0,38159.0,14990.0,7622.0,6654.0,17976.0,13203.0,14131.0,46606.0,14045.0,8112.0
43,SZ5,30342.0,11421.0,8968.0,12712.0,8330.0,15772.0,26085.0,14289.0,18188.0,12576.0,21512.0,21207.0,23926.0,9272.0,29612.0,2607.0,8859.0,5284.0,12690.0,13554.0,27387.0,16638.0,17383.0,22907.0,23613.0,37779.0,14610.0,9060.0,6274.0,17596.0,10719.0,19808.0,46226.0,13665.0,9770.0
44,SZ2,29093.0,10172.0,7044.0,11463.0,7081.0,13989.0,24836.0,13485.0,16939.0,11327.0,20263.0,19874.0,22677.0,10737.0,28363.0,565.0,10324.0,10707.0,16949.0,11018.0,26138.0,14841.0,15543.0,21658.0,22073.0,36530.0,13361.0,6126.0,5025.0,16347.0,16385.0,18559.0,44977.0,12416.0,13024.0
45,HOLLAND DRIVE,6288.0,11965.0,17663.0,12835.0,14893.0,25507.0,10085.0,12150.0,9933.0,14274.0,13524.0,22501.0,2276.0,29232.0,13611.0,20294.0,26809.0,29929.0,22601.0,27731.0,11387.0,21162.0,19452.0,3312.0,23912.0,13616.0,8323.0,16843.0,20582.0,8691.0,25664.0,17276.0,28737.0,16777.0,13620.0
46,GHIM MOH,5195.0,13228.0,18926.0,14097.0,16156.0,25512.0,7911.0,13413.0,9938.0,15536.0,14786.0,29359.0,941.0,29237.0,16706.0,21557.0,28549.0,29934.0,22606.0,30280.0,8437.0,22425.0,19457.0,1876.0,23917.0,13621.0,12683.0,18106.0,21845.0,11430.0,25669.0,20157.0,28742.0,13734.0,16048.0
47,KAMPONG UBI,22641.0,6455.0,9904.0,16121.0,4000.0,13009.0,26037.0,10032.0,10896.0,17560.0,16810.0,20383.0,16064.0,10694.0,29563.0,12885.0,10214.0,11286.0,14493.0,11136.0,27339.0,19044.0,5217.0,22858.0,25849.0,31936.0,6894.0,9084.0,13173.0,8719.0,12094.0,5953.0,46177.0,5371.0,7974.0
48,SINGAPORE POLYTECHNIC,3139.0,14042.0,19740.0,14911.0,19981.0,26247.0,8319.0,22548.0,10673.0,16350.0,15600.0,27303.0,1244.0,29972.0,14650.0,25382.0,29284.0,30669.0,23340.0,31015.0,8845.0,29302.0,20192.0,4118.0,21861.0,11564.0,13418.0,18920.0,25670.0,12164.0,26404.0,20892.0,26686.0,14469.0,17696.0
49,COMMONWEALTH,7435.0,12770.0,16804.0,12430.0,18038.0,24304.0,9397.0,20605.0,8730.0,11698.0,12673.0,30320.0,4319.0,28029.0,17667.0,23439.0,27341.0,28725.0,21397.0,29072.0,9923.0,17458.0,18248.0,4939.0,24878.0,14581.0,11475.0,17648.0,23727.0,10221.0,24461.0,18948.0,29703.0,12526.0,12375.0
50,MEI CHIN,8876.0,15545.0,19906.0,14569.0,16913.0,23179.0,12614.0,19481.0,7606.0,13838.0,14813.0,29833.0,5597.0,26904.0,18945.0,22314.0,26216.0,27601.0,20273.0,27947.0,13140.0,28494.0,17124.0,6108.0,26156.0,15859.0,9666.0,19086.0,22602.0,9097.0,23336.0,17824.0,30981.0,11915.0,24437.0
51,TANGLIN HALT,7242.0,13683.0,19381.0,13684.0,17947.0,24213.0,11244.0,20514.0,8639.0,12953.0,13928.0,30229.0,3573.0,27938.0,17576.0,23348.0,27250.0,28634.0,21306.0,28981.0,11770.0,32228.0,18157.0,4746.0,24787.0,14490.0,11384.0,18561.0,23636.0,10130.0,24370.0,18857.0,29612.0,12435.0,22458.0
52,MARGARET DRIVE,7425.0,15536.0,19897.0,14174.0,16904.0,23170.0,12605.0,19472.0,7597.0,13443.0,13934.0,29824.0,5588.0,26895.0,18936.0,22305.0,26207.0,27592.0,20264.0,27938.0,13131.0,28485.0,17115.0,6168.0,26147.0,15850.0,10341.0,19077.0,22593.0,6533.0,23327.0,17815.0,30972.0,11392.0,18224.0
53,BENCOOLEN,15872.0,13896.0,12107.0,11260.0,9114.0,14814.0,12012.0,9734.0,3370.0,10649.0,15140.0,20085.0,9108.0,17743.0,15538.0,14515.0,17263.0,19236.0,11907.0,18185.0,13314.0,16489.0,8759.0,8833.0,25551.0,24297.0,1100.0,11287.0,14803.0,1852.0,14971.0,9076.0,32152.0,3597.0,13500.0
54,FARRER PARK,16022.0,8385.0,11737.0,14875.0,8744.0,16016.0,11694.0,9417.0,3868.0,10750.0,14041.0,19768.0,9605.0,17203.0,15221.0,14145.0,16723.0,17597.0,13109.0,17645.0,12996.0,16590.0,9333.0,8516.0,25234.0,23459.0,418.0,10917.0,14433.0,3276.0,18604.0,9768.0,31835.0,2681.0,11237.0
55,SIMEI,28874.0,15660.0,19241.0,29163.0,13609.0,699.0,26397.0,26107.0,16373.0,24860.0,26015.0,36458.0,27038.0,4769.0,29923.0,11975.0,4081.0,5644.0,3348.0,5812.0,27699.0,24754.0,5898.0,23218.0,41923.0,37300.0,13847.0,18422.0,22377.0,15695.0,856.0,8503.0,52421.0,14433.0,17307.0
56,TAMPINES EAST,30801.0,15519.0,15642.0,25185.0,12647.0,3146.0,34398.0,28033.0,18299.0,26624.0,25874.0,38384.0,28964.0,2710.0,37925.0,12832.0,2512.0,4673.0,5274.0,3307.0,35700.0,24010.0,7824.0,31220.0,28383.0,39226.0,15256.0,18876.0,13116.0,17081.0,4083.0,9957.0,54539.0,13733.0,17178.0
57,TAMPINES WEST,28354.0,12871.0,17048.0,22537.0,9999.0,7673.0,31750.0,16448.0,16609.0,23976.0,23226.0,26799.0,21777.0,5358.0,35276.0,11713.0,4878.0,6181.0,5801.0,5800.0,33052.0,23903.0,5217.0,28571.0,29773.0,39753.0,12607.0,16228.0,19589.0,14433.0,6758.0,8416.0,51890.0,11985.0,14530.0
58,YISHUN SOUTH,32307.0,10200.0,8977.0,7013.0,15004.0,33191.0,24054.0,7380.0,19747.0,6877.0,6382.0,5331.0,30471.0,23883.0,20763.0,12813.0,21998.0,18424.0,30284.0,25154.0,25356.0,3351.0,27135.0,20876.0,10431.0,30849.0,16913.0,8754.0,10553.0,19069.0,33348.0,27835.0,32799.0,17832.0,9252.0
59,NORTHLAND,28681.0,14165.0,11235.0,10993.0,17093.0,35184.0,26047.0,9373.0,21740.0,10152.0,9134.0,2915.0,30204.0,26056.0,19985.0,15064.0,24250.0,20675.0,32277.0,25486.0,27349.0,3337.0,29128.0,22869.0,9653.0,30071.0,18906.0,11012.0,18644.0,21062.0,35341.0,29828.0,32021.0,23020.0,11317.0
60,YISHUN CENTRAL,28013.0,10858.0,9840.0,7869.0,15867.0,34516.0,25379.0,8705.0,21072.0,7733.0,7238.0,5008.0,29536.0,24739.0,19317.0,13669.0,22855.0,19280.0,31609.0,26010.0,26681.0,2594.0,28460.0,22201.0,8985.0,29403.0,20445.0,9617.0,11416.0,20394.0,34673.0,29160.0,31353.0,18688.0,10577.0
61,YISHUN WEST,28212.0,13696.0,10714.0,8617.0,16624.0,34715.0,25578.0,8904.0,21271.0,7788.0,8665.0,3552.0,29735.0,25545.0,19516.0,14543.0,23473.0,19352.0,31808.0,26816.0,16343.0,1125.0,28659.0,22400.0,9184.0,29602.0,18437.0,10491.0,12290.0,20593.0,34872.0,29359.0,31552.0,22551.0,10776.0
62,YISHUN EAST,29674.0,15158.0,10493.0,12072.0,18102.0,36177.0,27040.0,10366.0,22733.0,11158.0,9474.0,6237.0,31197.0,26992.0,20978.0,13437.0,25090.0,21515.0,33270.0,28263.0,28342.0,5378.0,30121.0,23862.0,10646.0,31064.0,19899.0,10585.0,10163.0,22055.0,36334.0,30821.0,33014.0,20924.0,12310.0
63,KHATIB,29307.0,12019.0,9129.0,7165.0,14947.0,33039.0,23902.0,7228.0,19595.0,7029.0,6988.0,4813.0,30830.0,24035.0,20611.0,12965.0,22150.0,18576.0,30132.0,25306.0,25204.0,3122.0,26983.0,20724.0,10279.0,30697.0,16761.0,8906.0,10705.0,18917.0,33196.0,27683.0,32647.0,20875.0,9100.0
64,HOUGANG CENTRAL,25292.0,7666.0,5775.0,10133.0,3870.0,18388.0,21035.0,6754.0,13138.0,10690.0,16462.0,20035.0,18875.0,14271.0,24562.0,5572.0,13921.0,9824.0,15481.0,14005.0,22337.0,16808.0,9500.0,17857.0,25501.0,32729.0,9560.0,6962.0,5861.0,12546.0,18545.0,8903.0,41176.0,8614.0,4919.0
65,SHANGRI-LA,24012.0,3861.0,6114.0,3014.0,8657.0,31400.0,14422.0,1807.0,16709.0,3314.0,2842.0,13490.0,14341.0,35125.0,22767.0,15817.0,34437.0,17219.0,28494.0,36168.0,17896.0,8973.0,25345.0,14608.0,12211.0,32438.0,10574.0,8755.0,9353.0,15089.0,31557.0,17306.0,34574.0,9035.0,4249.0
66,SUNGEI SERANGOON WEST,28991.0,10178.0,8390.0,10471.0,6979.0,12580.0,24734.0,13646.0,16837.0,10335.0,9840.0,18174.0,22574.0,12390.0,28261.0,4634.0,12040.0,7943.0,14708.0,12124.0,26036.0,17007.0,16032.0,21556.0,20461.0,36428.0,13259.0,5876.0,4905.0,16245.0,12737.0,18457.0,44875.0,12314.0,8911.0
67,MIDVIEW,21136.0,20865.0,17862.0,10472.0,23793.0,41885.0,16444.0,16074.0,28441.0,10429.0,9679.0,9689.0,22659.0,27831.0,12602.0,19652.0,28741.0,23218.0,38978.0,29103.0,12811.0,5725.0,35829.0,23558.0,2629.0,22526.0,25607.0,17639.0,21243.0,27763.0,42042.0,31715.0,24477.0,29721.0,18018.0
68,BUKIT HO SWEE,10367.0,18479.0,17556.0,20188.0,14563.0,20829.0,14129.0,17131.0,5256.0,12577.0,20037.0,27483.0,7903.0,24554.0,21878.0,19964.0,23866.0,25251.0,17923.0,25597.0,14655.0,26144.0,14774.0,8859.0,29089.0,18793.0,5394.0,16736.0,20252.0,2848.0,20986.0,15474.0,33914.0,7643.0,19075.0
69,SERANGOON GARDEN,21017.0,2471.0,5371.0,8671.0,3626.0,16982.0,19830.0,6231.0,11933.0,9646.0,8225.0,16600.0,17709.0,18038.0,23357.0,10926.0,16967.0,14454.0,14075.0,19317.0,21132.0,15306.0,11012.0,16562.0,22065.0,28291.0,8355.0,4552.0,11214.0,11341.0,17050.0,11984.0,44434.0,7409.0,1060.0
70,SERANGOON CENTRAL,19249.0,6272.0,6649.0,12472.0,3627.0,15214.0,17932.0,6510.0,10035.0,14038.0,13288.0,16861.0,15271.0,16358.0,21459.0,9028.0,16370.0,12795.0,12307.0,16800.0,19234.0,15522.0,8914.0,14300.0,22327.0,26523.0,6457.0,5829.0,9316.0,9443.0,15371.0,10836.0,44695.0,5511.0,5956.0
71,PANG SUA,17376.0,34649.0,31645.0,15173.0,28016.0,43843.0,11107.0,29858.0,28270.0,14260.0,16632.0,21333.0,18899.0,47568.0,5568.0,33417.0,46880.0,48265.0,40937.0,44044.0,7473.0,11565.0,37788.0,13637.0,12517.0,18766.0,20671.0,31422.0,33221.0,25754.0,44000.0,31153.0,20800.0,22504.0,31730.0
72,PANG SUA,13775.0,28168.0,25164.0,23491.0,31096.0,40242.0,8875.0,23376.0,24669.0,17921.0,17171.0,14852.0,15298.0,43967.0,4844.0,29000.0,43279.0,44664.0,37336.0,45010.0,5242.0,16851.0,34187.0,11405.0,9410.0,15165.0,17807.0,24941.0,26740.0,26160.0,40399.0,34887.0,16406.0,19531.0,25248.0
73,VICTORIA,15646.0,13630.0,17428.0,11718.0,10364.0,14588.0,12412.0,11376.0,3144.0,11107.0,15326.0,21727.0,13809.0,17703.0,15938.0,15765.0,17223.0,19010.0,11681.0,18145.0,13714.0,16947.0,8533.0,9233.0,27193.0,24071.0,1832.0,16608.0,16054.0,1812.0,14745.0,8813.0,32552.0,3966.0,13460.0
74,TELOK BLANGAH WAY,9558.0,20661.0,18053.0,17882.0,15060.0,21508.0,20935.0,16578.0,7944.0,17150.0,18126.0,26929.0,9210.0,23589.0,24462.0,20461.0,23109.0,25930.0,18602.0,24031.0,22237.0,22910.0,15453.0,10738.0,29768.0,19472.0,7739.0,17233.0,20749.0,5184.0,21665.0,15518.0,34593.0,9994.0,17752.0
75,DEPOT ROAD,8822.0,19851.0,21779.0,15667.0,18786.0,22995.0,12624.0,15477.0,8956.0,14935.0,15910.0,25828.0,6995.0,26720.0,16701.0,24187.0,26032.0,27417.0,20088.0,27763.0,14665.0,20695.0,16940.0,7243.0,26774.0,18505.0,8890.0,20959.0,24476.0,7793.0,23152.0,16724.0,33626.0,11139.0,15610.0
76,PAYA LEBAR,21615.0,5299.0,8623.0,10973.0,3837.0,12352.0,19802.0,8876.0,9851.0,16404.0,15654.0,19227.0,17637.0,13656.0,23328.0,11728.0,13176.0,16774.0,9445.0,14098.0,21104.0,17888.0,7103.0,16665.0,24693.0,28889.0,6100.0,7803.0,12016.0,7925.0,12509.0,8845.0,47061.0,3580.0,6105.0
77,TIONG BAHRU,10119.0,18231.0,17308.0,19940.0,14315.0,20581.0,14588.0,16883.0,5008.0,13005.0,19789.0,27235.0,8363.0,24306.0,21630.0,19716.0,23618.0,25003.0,17675.0,25349.0,15114.0,25896.0,14526.0,10474.0,28841.0,18545.0,7753.0,16488.0,20004.0,3471.0,20738.0,15226.0,33666.0,8803.0,18827.0
78,KAMPONG TIONG BAHRU,9395.0,18614.0,16600.0,17571.0,13607.0,21068.0,14358.0,17370.0,5495.0,16839.0,17814.0,27722.0,8770.0,24793.0,22117.0,19008.0,24105.0,25490.0,18162.0,25836.0,14884.0,25367.0,15013.0,9236.0,29328.0,19032.0,6292.0,15780.0,19296.0,4015.0,21225.0,15713.0,34153.0,8541.0,22326.0
79,DOVER,4057.0,14665.0,20363.0,15535.0,17593.0,27511.0,8182.0,14850.0,11937.0,16974.0,16224.0,28567.0,2309.0,31236.0,13111.0,22994.0,30548.0,31933.0,24604.0,32279.0,10887.0,24461.0,21456.0,4742.0,23125.0,12828.0,11023.0,19543.0,23282.0,12632.0,27668.0,22156.0,27950.0,17392.0,19327.0
80,WOODGROVE,19602.0,22383.0,19379.0,11506.0,25311.0,46069.0,14795.0,17591.0,29958.0,11463.0,10713.0,9067.0,21125.0,28262.0,11088.0,23215.0,29172.0,23649.0,43163.0,29534.0,11162.0,11066.0,40014.0,17326.0,1446.0,20992.0,27124.0,19156.0,20955.0,29280.0,46226.0,30201.0,22942.0,31238.0,19535.0
81,SEMBAWANG CENTRAL,24779.0,16403.0,13400.0,11726.0,19331.0,37423.0,28286.0,11612.0,23979.0,10060.0,13512.0,1874.0,26302.0,41148.0,16083.0,17236.0,26421.0,22847.0,34516.0,29577.0,16421.0,3599.0,31367.0,25108.0,5751.0,26169.0,21145.0,13177.0,14976.0,23301.0,37580.0,32067.0,28119.0,25259.0,13484.0
82,SEMBAWANG NORTH,25606.0,17230.0,14227.0,12170.0,20158.0,38250.0,29113.0,12439.0,24806.0,11329.0,14339.0,3858.0,27129.0,41975.0,16910.0,18063.0,27248.0,23674.0,35343.0,30404.0,17248.0,5736.0,32194.0,25935.0,6578.0,26996.0,21972.0,14004.0,15803.0,24128.0,38407.0,32894.0,28946.0,26086.0,14383.0
83,BRADDELL,21976.0,3694.0,12625.0,7182.0,5905.0,22879.0,13742.0,4126.0,9435.0,7528.0,8503.0,14477.0,11686.0,19231.0,17269.0,21627.0,18850.0,27300.0,19972.0,19645.0,15044.0,13138.0,16823.0,11188.0,19942.0,30401.0,6601.0,10979.0,21916.0,8757.0,23036.0,12331.0,42311.0,10715.0,5998.0
84,POTONG PASIR,19613.0,8087.0,8292.0,10167.0,5299.0,16957.0,15356.0,15470.0,7459.0,12179.0,12276.0,25821.0,13196.0,26305.0,18883.0,10700.0,17727.0,14152.0,14050.0,20052.0,16658.0,19941.0,9535.0,12178.0,24605.0,27050.0,3881.0,7472.0,10989.0,6867.0,17114.0,8017.0,35497.0,2935.0,7792.0
85,KIM KEAT,15580.0,5508.0,14332.0,9966.0,6535.0,16335.0,13388.0,6401.0,9921.0,9235.0,10279.0,16752.0,11116.0,16159.0,16130.0,11936.0,17271.0,20756.0,13428.0,18066.0,15639.0,15413.0,10109.0,10071.0,23290.0,30887.0,6759.0,9443.0,12225.0,7389.0,17559.0,8590.0,32451.0,2857.0,10959.0
86,TOA PAYOH CENTRAL,14079.0,6011.0,14960.0,7332.0,7617.0,22450.0,13314.0,5486.0,9006.0,9862.0,8021.0,15837.0,11257.0,20169.0,16841.0,21198.0,17521.0,26871.0,19543.0,18316.0,14616.0,14498.0,16394.0,9130.0,21303.0,29972.0,6173.0,12340.0,21487.0,8328.0,22607.0,10718.0,43671.0,4985.0,7358.0
87,MARYMOUNT,13309.0,5790.0,11614.0,6541.0,8718.0,19970.0,11496.0,4725.0,10034.0,7980.0,7230.0,15076.0,9331.0,21114.0,15022.0,14119.0,18433.0,17819.0,17063.0,19228.0,12798.0,13176.0,13915.0,8360.0,16600.0,20583.0,9734.0,10668.0,14407.0,9356.0,20127.0,16007.0,42910.0,10602.0,6597.0
88,MARYMOUNT,16885.0,3511.0,7010.0,4883.0,7497.0,18140.0,13209.0,3969.0,11622.0,6197.0,5447.0,14320.0,14199.0,19285.0,18598.0,12289.0,20432.0,16857.0,15233.0,19727.0,16374.0,12981.0,12085.0,11935.0,19786.0,24159.0,8077.0,8425.0,12577.0,10944.0,18297.0,16021.0,42154.0,8409.0,4661.0
89,BOON TECK,21688.0,4412.0,13553.0,9187.0,6623.0,22591.0,13455.0,5627.0,9147.0,8456.0,9431.0,15978.0,11398.0,17340.0,16982.0,13318.0,16959.0,27012.0,19684.0,17754.0,14757.0,14639.0,12164.0,12116.0,21444.0,30113.0,6243.0,14148.0,16857.0,8469.0,22748.0,12220.0,43812.0,4239.0,9863.0
90,PEI CHUN,16149.0,3240.0,13294.0,8928.0,6743.0,24119.0,14982.0,5366.0,10675.0,8197.0,9172.0,15717.0,12808.0,17752.0,16699.0,12144.0,17371.0,28540.0,21212.0,18166.0,16284.0,14378.0,10678.0,11857.0,21182.0,31641.0,6987.0,13890.0,12433.0,8311.0,24276.0,9159.0,43551.0,3426.0,8695.0
91,KALLANG,17901.0,2539.0,9054.0,8704.0,4753.0,19083.0,14709.0,5476.0,10785.0,7973.0,8948.0,15827.0,11126.0,20306.0,18235.0,11878.0,19925.0,15470.0,16176.0,20720.0,16011.0,14488.0,9890.0,11633.0,21292.0,22806.0,7633.0,7776.0,12167.0,9828.0,19240.0,13192.0,43661.0,5096.0,7994.0
92,TYERSALL,9245.0,11289.0,16987.0,11577.0,14217.0,25470.0,8847.0,11475.0,9213.0,10846.0,12848.0,21826.0,5197.0,26614.0,12373.0,19618.0,26134.0,23318.0,22563.0,27056.0,10149.0,20487.0,19415.0,4295.0,27292.0,16519.0,7085.0,16167.0,19906.0,12785.0,25627.0,15958.0,28987.0,8808.0,13884.0
93,WOODLANDS WEST,19935.0,22716.0,19712.0,12036.0,25644.0,46402.0,15226.0,17924.0,30291.0,11993.0,11243.0,9400.0,21458.0,30032.0,11239.0,23548.0,30942.0,29159.0,43496.0,31304.0,12569.0,11399.0,40347.0,17756.0,563.0,21325.0,27457.0,19489.0,21288.0,29613.0,46559.0,30631.0,23275.0,31571.0,19868.0
94,FRANKEL,25341.0,18053.0,13432.0,17303.0,7800.0,8390.0,20929.0,20638.0,10904.0,19392.0,17346.0,30989.0,21570.0,10124.0,24455.0,16621.0,10447.0,12812.0,5484.0,10745.0,22231.0,29650.0,1144.0,17750.0,36454.0,31832.0,8379.0,12612.0,16909.0,11624.0,7035.0,1500.0,46953.0,10008.0,11498.0
95,UPPER THOMSON,16087.0,7930.0,9116.0,4401.0,10858.0,22110.0,13636.0,5194.0,9974.0,4019.0,5090.0,12622.0,11694.0,23254.0,17162.0,16259.0,22774.0,19959.0,19203.0,23696.0,14938.0,9808.0,16055.0,11961.0,14460.0,22723.0,7927.0,9711.0,12420.0,9919.0,22267.0,18147.0,36823.0,9760.0,6880.0
96,BISHAN EAST,16222.0,3297.0,10020.0,6492.0,7568.0,17477.0,14409.0,3436.0,11089.0,7742.0,10261.0,13787.0,12983.0,18622.0,17935.0,11626.0,18142.0,16929.0,14570.0,19064.0,15711.0,12448.0,11422.0,11272.0,19253.0,23496.0,10057.0,9200.0,11914.0,10411.0,17634.0,13514.0,41621.0,8109.0,5435.0
97,BUKIT BATOK EAST,5670.0,19040.0,31406.0,17392.0,21176.0,34703.0,4702.0,29618.0,19130.0,16782.0,23413.0,21094.0,8024.0,31291.0,5270.0,26577.0,37740.0,39125.0,31797.0,32334.0,3351.0,23093.0,28648.0,7478.0,15652.0,9626.0,13758.0,31183.0,26866.0,17049.0,34860.0,21850.0,20477.0,16089.0,17444.0
98,BUKIT BATOK WEST,6907.0,22489.0,31397.0,29724.0,22467.0,34694.0,6550.0,29609.0,19121.0,24154.0,23404.0,21085.0,9400.0,38419.0,6222.0,27868.0,37731.0,39116.0,31788.0,39462.0,5452.0,23084.0,28639.0,9370.0,15643.0,9617.0,15231.0,31174.0,28156.0,20931.0,34851.0,29339.0,20468.0,17982.0,31481.0
99,HILLVIEW,7873.0,18309.0,24007.0,19179.0,21640.0,28694.0,4182.0,19269.0,19142.0,20618.0,19868.0,29620.0,7803.0,37952.0,4201.0,27041.0,37472.0,33116.0,25787.0,38394.0,1508.0,16058.0,22639.0,9043.0,14576.0,17213.0,14405.0,23187.0,27329.0,20104.0,28851.0,23339.0,20461.0,16128.0,18416.0
100,GOMBAK,10043.0,19199.0,24897.0,20069.0,22530.0,29584.0,6957.0,20158.0,20032.0,21508.0,20758.0,20261.0,9756.0,38842.0,2856.0,27931.0,38362.0,34006.0,26677.0,39284.0,2909.0,16314.0,23529.0,9221.0,12903.0,19166.0,15295.0,24077.0,28219.0,20994.0,29741.0,24229.0,18963.0,17018.0,19306.0
101,GUILIN,8712.0,22974.0,29553.0,27879.0,28913.0,35179.0,5522.0,27765.0,19606.0,22310.0,21560.0,19241.0,10235.0,38904.0,6587.0,34314.0,38216.0,39601.0,32273.0,39947.0,3506.0,21240.0,29124.0,8661.0,13799.0,10102.0,22351.0,29330.0,31129.0,21097.0,35336.0,29824.0,18623.0,16969.0,29637.0
102,BUKIT BATOK CENTRAL,7267.0,21529.0,30437.0,28764.0,27468.0,33734.0,5264.0,28649.0,18161.0,23194.0,22444.0,20125.0,8790.0,37459.0,7472.0,32869.0,36771.0,38156.0,30828.0,38502.0,3704.0,22124.0,27679.0,8580.0,14683.0,8657.0,20906.0,30214.0,32013.0,19652.0,33891.0,28379.0,19508.0,17167.0,30521.0
103,SUNSET WAY,3836.0,17316.0,21825.0,17524.0,20379.0,29544.0,5515.0,15007.0,13971.0,16050.0,17973.0,27241.0,3472.0,33269.0,11092.0,28679.0,32581.0,33966.0,26638.0,34312.0,6041.0,20926.0,23489.0,4815.0,21799.0,11502.0,13049.0,22421.0,28967.0,15462.0,29701.0,24189.0,26940.0,15671.0,16693.0
104,CLEMENTI CENTRAL,720.0,16301.0,21999.0,17170.0,22240.0,28506.0,6587.0,24808.0,12933.0,18609.0,17859.0,26203.0,3859.0,32231.0,10396.0,27641.0,31543.0,32928.0,25600.0,33274.0,7113.0,28202.0,22451.0,5363.0,20761.0,10464.0,15678.0,21179.0,27929.0,14424.0,28663.0,23151.0,25586.0,16728.0,19819.0
105,CLEMENTI NORTH,2702.0,16148.0,21846.0,17017.0,22087.0,28353.0,6845.0,24655.0,12780.0,18456.0,17706.0,26050.0,3076.0,32078.0,13397.0,27488.0,31390.0,32775.0,25447.0,33121.0,7371.0,28049.0,22298.0,6040.0,20608.0,10311.0,15525.0,21026.0,27776.0,14271.0,28510.0,22998.0,25433.0,16575.0,16620.0
106,LOWER SELETAR,,,,,,,,,,,,,,,,,,,,,,4664.0,,,,,,,,,,,,,
107,TANJONG RHU,21081.0,9937.0,13735.0,19603.0,10965.0,12882.0,18810.0,15211.0,4624.0,21042.0,20292.0,25562.0,13047.0,16054.0,22337.0,16366.0,15574.0,17304.0,9975.0,16496.0,20112.0,24223.0,6827.0,21304.0,31028.0,26680.0,9610.0,12915.0,16654.0,5227.0,13039.0,5515.0,38951.0,8752.0,11559.0
108,SAUJANA,12374.0,21656.0,31081.0,29408.0,26176.0,43279.0,9413.0,29294.0,27706.0,23839.0,23089.0,20769.0,13146.0,41299.0,3700.0,31577.0,40819.0,47701.0,40373.0,41741.0,5366.0,16141.0,37224.0,11678.0,15328.0,18202.0,17751.0,30858.0,31866.0,23451.0,43436.0,23680.0,20021.0,20665.0,31166.0
109,BUKIT PANJANG,11100.0,19900.0,29434.0,16652.0,23231.0,30285.0,7657.0,27647.0,20733.0,15739.0,21442.0,19122.0,10433.0,39543.0,2053.0,28632.0,39063.0,34707.0,27378.0,39985.0,3556.0,13428.0,24230.0,9922.0,10274.0,16555.0,15995.0,29211.0,28920.0,21695.0,30442.0,22140.0,18374.0,17719.0,20007.0
110,SENJA,13007.0,19972.0,30001.0,28328.0,23303.0,30357.0,7729.0,28214.0,20805.0,22759.0,22009.0,19689.0,11734.0,39615.0,2619.0,28704.0,39135.0,34779.0,27450.0,40057.0,3590.0,16967.0,24302.0,9994.0,8999.0,17122.0,16067.0,29778.0,28992.0,21767.0,30514.0,24506.0,18941.0,17791.0,20079.0
111,FARRER COURT,8619.0,10663.0,16361.0,11246.0,13591.0,24844.0,8783.0,10849.0,12210.0,10514.0,11490.0,21200.0,3840.0,25988.0,12309.0,18992.0,25508.0,22692.0,21937.0,26430.0,10085.0,19861.0,18789.0,1620.0,26666.0,15893.0,7021.0,15541.0,19280.0,8280.0,25001.0,15627.0,31014.0,15475.0,13552.0
112,FAJAR,12343.0,21625.0,31050.0,29377.0,24839.0,43248.0,7943.0,29263.0,27675.0,23808.0,23058.0,20738.0,12105.0,41268.0,3669.0,30240.0,40788.0,47670.0,40342.0,41710.0,4310.0,15100.0,37193.0,11647.0,15297.0,18171.0,17720.0,30827.0,30529.0,23420.0,43405.0,22639.0,19990.0,19328.0,31135.0
113,EVERTON PARK,11983.0,12295.0,15647.0,17023.0,12654.0,19271.0,15675.0,13966.0,3698.0,18479.0,25426.0,24317.0,12221.0,20385.0,20245.0,18055.0,22308.0,23693.0,16365.0,21005.0,16977.0,24318.0,13216.0,12469.0,30605.0,20309.0,5803.0,14827.0,18343.0,3001.0,19428.0,12330.0,35430.0,7142.0,15147.0
114,TELOK BLANGAH RISE,11433.0,21998.0,19087.0,18122.0,16094.0,21970.0,20327.0,15970.0,8563.0,17391.0,18366.0,26321.0,11671.0,22981.0,23854.0,21495.0,22501.0,26392.0,19064.0,23423.0,21629.0,24982.0,16855.0,11919.0,31787.0,19934.0,7979.0,18267.0,21784.0,4576.0,22127.0,14185.0,35055.0,10234.0,18786.0
115,BUKIT BATOK SOUTH,5738.0,20757.0,25091.0,30418.0,21365.0,33092.0,5219.0,30303.0,17519.0,17300.0,24098.0,21779.0,8542.0,32581.0,6570.0,26766.0,30423.0,37514.0,30186.0,33624.0,4533.0,23778.0,27037.0,8207.0,16337.0,10311.0,14031.0,24272.0,27055.0,19731.0,33249.0,23130.0,21162.0,17395.0,24399.0
116,TIONG BAHRU STATION,9667.0,17779.0,16856.0,19488.0,13863.0,20129.0,14847.0,16431.0,4556.0,16881.0,19337.0,26783.0,7831.0,23854.0,21178.0,19264.0,23166.0,24551.0,17223.0,24897.0,20012.0,25444.0,14074.0,8526.0,28389.0,18093.0,7301.0,16036.0,19552.0,6047.0,20286.0,14774.0,33214.0,8351.0,18920.0
117,REDHILL,8499.0,16611.0,18142.0,16617.0,15149.0,21415.0,13679.0,17716.0,5841.0,15886.0,18169.0,28068.0,6663.0,25140.0,20010.0,20550.0,24452.0,25837.0,18508.0,26183.0,21297.0,26729.0,15360.0,7347.0,27221.0,16925.0,8586.0,17322.0,20838.0,7332.0,21572.0,16060.0,32046.0,9637.0,18008.0
118,TELOK BLANGAH DRIVE,8647.0,20126.0,20118.0,20996.0,17125.0,23337.0,18246.0,18235.0,7357.0,22435.0,21685.0,28586.0,8907.0,25246.0,21772.0,22526.0,24766.0,27759.0,20431.0,25688.0,19548.0,27247.0,19072.0,10203.0,30928.0,20632.0,10274.0,19298.0,22815.0,6841.0,23494.0,16402.0,35753.0,11614.0,21068.0
119,HENDERSON HILL,10084.0,18196.0,17273.0,17260.0,14280.0,20546.0,15264.0,16848.0,4973.0,16528.0,17504.0,27200.0,8248.0,24271.0,21595.0,19681.0,23583.0,24968.0,17640.0,25314.0,20429.0,25861.0,14491.0,8143.0,28806.0,18510.0,6204.0,16453.0,19969.0,3955.0,20703.0,15191.0,33631.0,8453.0,18519.0
120,ALEXANDRA HILL,7414.0,16633.0,19802.0,15428.0,15852.0,22118.0,12376.0,18419.0,6544.0,14696.0,15671.0,28771.0,7366.0,25843.0,20713.0,21253.0,25155.0,26540.0,19211.0,26886.0,12902.0,20456.0,16063.0,6967.0,27924.0,17628.0,8078.0,18025.0,21541.0,5801.0,22275.0,15912.0,32749.0,10327.0,15371.0
121,BUKIT MERAH,8514.0,17414.0,20902.0,16527.0,17558.0,22218.0,13476.0,13410.0,6644.0,15796.0,16771.0,23761.0,7466.0,28387.0,20813.0,22959.0,25255.0,26640.0,19311.0,29429.0,14002.0,20897.0,16163.0,8817.0,28024.0,17728.0,7021.0,19731.0,23248.0,5581.0,22375.0,14854.0,32849.0,9269.0,19649.0
122,BANGKIT,11188.0,18650.0,23267.0,15471.0,23346.0,28578.0,6955.0,21259.0,16359.0,14558.0,18477.0,19834.0,10575.0,31386.0,2765.0,28747.0,31411.0,33000.0,25671.0,32333.0,3322.0,12246.0,22516.0,10744.0,9087.0,17267.0,14306.0,23044.0,29036.0,16004.0,28735.0,21917.0,19086.0,17835.0,21908.0
123,ADMIRALTY,25284.0,16908.0,13905.0,10958.0,19836.0,37928.0,28791.0,12117.0,24484.0,10129.0,14017.0,963.0,26807.0,41653.0,16588.0,17741.0,26926.0,23352.0,35021.0,30082.0,16926.0,3668.0,31872.0,25613.0,6256.0,26674.0,21650.0,13682.0,15481.0,23806.0,38085.0,32572.0,28624.0,25764.0,14061.0
124,SENGKANG TOWN CENTRE,27214.0,7668.0,6591.0,11010.0,5202.0,12011.0,22957.0,8738.0,15060.0,10874.0,10379.0,17605.0,20797.0,11821.0,26484.0,2857.0,11471.0,7374.0,14139.0,11555.0,24259.0,16774.0,14255.0,19779.0,19881.0,34651.0,11482.0,4758.0,3144.0,14468.0,12168.0,16680.0,42038.0,10537.0,6642.0
125,BUANGKOK,27694.0,7720.0,3748.0,10274.0,5682.0,19707.0,23437.0,9069.0,15540.0,10138.0,9643.0,15399.0,22137.0,12699.0,26964.0,3337.0,11658.0,8330.0,17883.0,12433.0,24739.0,12713.0,14735.0,20990.0,19945.0,35131.0,11962.0,3840.0,1138.0,14948.0,19833.0,17231.0,42313.0,11017.0,7533.0
126,JALAN KAYU EAST,30317.0,11396.0,2438.0,7631.0,8305.0,18970.0,26060.0,7813.0,18163.0,7495.0,7000.0,14084.0,23900.0,15578.0,29587.0,5960.0,15228.0,11131.0,20506.0,15312.0,27362.0,11398.0,14378.0,22882.0,18630.0,37754.0,14585.0,1515.0,1277.0,17571.0,15793.0,19783.0,40998.0,13640.0,6203.0
127,SERANGOON NORTH,23705.0,7486.0,2595.0,5863.0,5707.0,17174.0,17117.0,2751.0,15765.0,7327.0,6363.0,13750.0,17996.0,15784.0,20644.0,13706.0,15371.0,11797.0,14348.0,16065.0,18420.0,12986.0,11415.0,13897.0,19215.0,31071.0,11135.0,2850.0,7090.0,14121.0,17331.0,10789.0,41584.0,10189.0,865.0
128,CHENG SAN,26246.0,3545.0,5472.0,5501.0,7644.0,27149.0,18013.0,711.0,13705.0,6166.0,6210.0,11690.0,16546.0,20147.0,27488.0,10854.0,17308.0,13734.0,24242.0,19531.0,19315.0,10350.0,13352.0,12447.0,17155.0,34671.0,10872.0,4652.0,8892.0,13027.0,27306.0,12618.0,39524.0,14985.0,2138.0
129,YIO CHU KANG,27463.0,5888.0,5104.0,2651.0,9839.0,28366.0,19229.0,2555.0,14922.0,2745.0,2233.0,9964.0,17173.0,32091.0,25762.0,15675.0,24461.0,32787.0,25459.0,33134.0,20531.0,8625.0,22310.0,16051.0,15429.0,35848.0,12088.0,4881.0,7225.0,14244.0,28523.0,23010.0,37798.0,16202.0,6275.0
130,KEBUN BAHRU,18070.0,4375.0,6882.0,1505.0,9152.0,24731.0,16257.0,2757.0,14354.0,3255.0,2505.0,14279.0,14808.0,25875.0,22430.0,18880.0,25395.0,22471.0,21824.0,26317.0,17559.0,9762.0,18676.0,13121.0,11874.0,25344.0,14495.0,7149.0,8748.0,13676.0,24888.0,20768.0,34237.0,10446.0,4516.0
131,CHONG BOON,22936.0,2138.0,7636.0,4564.0,6090.0,16805.0,18119.0,1229.0,13811.0,5574.0,5064.0,11796.0,14700.0,19471.0,27594.0,12328.0,19058.0,15483.0,24348.0,25687.0,19421.0,10456.0,12394.0,13553.0,17261.0,31362.0,9393.0,6816.0,11055.0,9373.0,17272.0,12392.0,39630.0,7311.0,1804.0
132,TOWN CENTRE,25852.0,3723.0,6353.0,3753.0,8881.0,26755.0,17619.0,725.0,13311.0,3576.0,4462.0,11296.0,15657.0,30480.0,27094.0,14065.0,22851.0,31176.0,23848.0,31523.0,18921.0,10361.0,20699.0,11456.0,16761.0,34277.0,10478.0,5533.0,9772.0,12633.0,26912.0,15399.0,39130.0,9794.0,3043.0
133,TOWNSVILLE,22780.0,2616.0,7040.0,3824.0,7412.0,26853.0,17717.0,927.0,13409.0,4698.0,4596.0,11394.0,15728.0,30578.0,27192.0,14572.0,19969.0,16394.0,23946.0,31621.0,19019.0,10358.0,12653.0,11140.0,16859.0,31206.0,10576.0,6220.0,10459.0,12731.0,27010.0,14645.0,39228.0,7790.0,2691.0
134,BEDOK NORTH,25414.0,11734.0,15665.0,21400.0,8311.0,4301.0,30613.0,22647.0,12912.0,22839.0,22089.0,32998.0,23578.0,7747.0,34140.0,13518.0,8058.0,10944.0,1941.0,8368.0,31915.0,26505.0,2430.0,27435.0,31572.0,33840.0,11471.0,14845.0,15102.0,13296.0,4721.0,6166.0,48961.0,9948.0,13713.0
135,KEMBANGAN,22750.0,9536.0,13167.0,23038.0,7535.0,7734.0,20273.0,19982.0,10248.0,18736.0,19891.0,30333.0,20914.0,9461.0,23799.0,15965.0,9896.0,12156.0,4828.0,10082.0,21575.0,28994.0,1057.0,17094.0,35798.0,31176.0,7723.0,12347.0,16253.0,9570.0,7891.0,3290.0,46297.0,9743.0,11233.0
136,BEDOK SOUTH,26767.0,13552.0,17133.0,27055.0,11281.0,4147.0,24289.0,23999.0,14265.0,22752.0,23907.0,34350.0,24930.0,6490.0,27815.0,19981.0,7304.0,8568.0,720.0,7111.0,25591.0,33011.0,3726.0,21110.0,39815.0,35192.0,11740.0,16314.0,20269.0,13587.0,4304.0,5020.0,50314.0,12325.0,14979.0
137,BEDOK RESERVOIR,27084.0,11775.0,13360.0,21441.0,7224.0,9772.0,30654.0,15352.0,15513.0,19609.0,22130.0,25703.0,20682.0,8412.0,34181.0,18205.0,6588.0,7301.0,7883.0,9454.0,31956.0,25828.0,3971.0,27476.0,32456.0,35510.0,11512.0,12540.0,18493.0,13337.0,8857.0,6309.0,50795.0,9700.0,11430.0
138,KAKI BUKIT,23607.0,8124.0,10731.0,17790.0,5082.0,11595.0,27003.0,11701.0,11862.0,19229.0,18479.0,22052.0,17030.0,9280.0,30529.0,14554.0,8800.0,8766.0,13079.0,9722.0,28305.0,20713.0,6133.0,23824.0,27518.0,32902.0,7860.0,9911.0,14842.0,9685.0,10680.0,4390.0,47143.0,6338.0,8802.0
139,TECK WHYE,11697.0,20084.0,28701.0,27028.0,26124.0,30469.0,7841.0,26914.0,19137.0,21459.0,20709.0,18389.0,12507.0,39727.0,903.0,31525.0,39247.0,34891.0,27562.0,40169.0,3944.0,15035.0,24414.0,10106.0,11647.0,15822.0,16179.0,28478.0,31814.0,18782.0,30626.0,23762.0,16014.0,20613.0,24685.0
140,KEAT HONG,12284.0,21571.0,27450.0,25777.0,24902.0,39648.0,8273.0,25663.0,24075.0,20208.0,19458.0,17138.0,12929.0,41214.0,2261.0,30303.0,40734.0,44070.0,36742.0,41656.0,5144.0,15924.0,33593.0,11593.0,11697.0,14571.0,17666.0,27227.0,30591.0,23366.0,39805.0,24701.0,14695.0,19390.0,27535.0
141,0,13354.0,27747.0,24743.0,23070.0,30675.0,39821.0,9660.0,22955.0,24248.0,17500.0,16750.0,14431.0,14877.0,43546.0,4658.0,28579.0,42858.0,44243.0,36915.0,44589.0,8505.0,16430.0,33766.0,17692.0,8989.0,14744.0,26993.0,24520.0,26319.0,25739.0,39978.0,34466.0,16694.0,36602.0,24899.0
142,KRANJI NORTH,13815.0,28208.0,25204.0,23531.0,31136.0,40282.0,9759.0,23416.0,24709.0,17961.0,17211.0,14892.0,15338.0,44007.0,3909.0,29040.0,43319.0,44704.0,37376.0,45050.0,7384.0,16891.0,34227.0,12540.0,9450.0,15205.0,18613.0,24981.0,26780.0,26200.0,40439.0,34927.0,15992.0,37063.0,25288.0
143,PENG SIANG,12564.0,29837.0,26833.0,25160.0,25692.0,39031.0,9104.0,25046.0,23458.0,19591.0,18841.0,16521.0,14087.0,42756.0,3050.0,30669.0,42068.0,43453.0,36125.0,43799.0,5974.0,18520.0,32976.0,12383.0,11080.0,13954.0,18456.0,26610.0,28409.0,24156.0,39188.0,25490.0,13728.0,20180.0,26918.0
144,CLEMENTI WEST,765.0,19158.0,24856.0,20028.0,23108.0,31182.0,7682.0,19344.0,15609.0,21467.0,20717.0,28879.0,4646.0,34907.0,11424.0,28509.0,34219.0,35604.0,28276.0,35950.0,8209.0,23093.0,25702.0,6455.0,21497.0,13140.0,16257.0,24036.0,28798.0,13113.0,31339.0,22291.0,28262.0,17597.0,19032.0
145,CLEMENTI WOODS,1060.0,19548.0,25246.0,20418.0,23641.0,30158.0,8003.0,19734.0,12831.0,21857.0,21107.0,27855.0,4682.0,33882.0,11651.0,29042.0,31724.0,34580.0,27252.0,32646.0,9614.0,24889.0,25459.0,6526.0,21724.0,12116.0,16790.0,24426.0,29331.0,14408.0,30315.0,23720.0,27238.0,18130.0,20642.0
146,CORONATION ROAD,7565.0,12244.0,16024.0,12446.0,14883.0,21937.0,5975.0,9928.0,12385.0,10971.0,13111.0,22862.0,3940.0,31195.0,9554.0,20284.0,30715.0,26359.0,19030.0,31637.0,7236.0,16750.0,16602.0,1740.0,17939.0,17494.0,7647.0,17320.0,20572.0,13347.0,22094.0,16307.0,25814.0,9371.0,11615.0
147,ANAK BUKIT,6720.0,15090.0,20788.0,15960.0,18421.0,25475.0,2716.0,16049.0,15923.0,14601.0,16649.0,26400.0,5843.0,34733.0,6374.0,23822.0,34253.0,29897.0,22568.0,35175.0,4150.0,19302.0,19420.0,5431.0,16096.0,15395.0,11185.0,19968.0,24110.0,16885.0,25632.0,19803.0,22988.0,14042.0,15197.0
148,CHANGI POINT,35749.0,22540.0,20398.0,25041.0,16922.0,8222.0,41419.0,32982.0,23248.0,24905.0,32895.0,33474.0,33913.0,6213.0,44946.0,17458.0,5800.0,7847.0,10608.0,5564.0,42721.0,32361.0,13110.0,38241.0,36387.0,44175.0,22277.0,18494.0,16562.0,24102.0,8254.0,16870.0,61560.0,20754.0,24390.0
149,LAVENDER,16934.0,10422.0,11273.0,14484.0,8280.0,13670.0,12992.0,14166.0,4432.0,11601.0,13650.0,24517.0,15098.0,15867.0,16663.0,13681.0,15387.0,18092.0,10764.0,16309.0,14294.0,17441.0,7615.0,10018.0,29982.0,25360.0,769.0,10453.0,13970.0,3116.0,13827.0,8139.0,40481.0,4518.0,10773.0
150,MOULMEIN,19115.0,6774.0,13772.0,9752.0,14058.0,20710.0,10912.0,6696.0,7266.0,8574.0,9398.0,17047.0,9517.0,21773.0,14439.0,19459.0,22255.0,25131.0,17803.0,22815.0,12214.0,14413.0,14654.0,7734.0,22512.0,28232.0,3040.0,13549.0,19748.0,6588.0,20867.0,11442.0,44881.0,8547.0,8568.0
