,SUBZONE_N,0,1,176,73,131,129,127,37,163,87,15,68,69,52,100,33,128,53,45,146,136,79
0,PASIR RIS TOWN,38148.0,28309.0,28460.0,8873.0,9096.0,23416.0,41073.0,23635.0,10153.0,31658.0,38071.0,18438.0,40171.0,25128.0,38113.0,2080.0,3002.0,36304.0,29411.0,6156.0,8227.0,25167.0
1,MACPHERSON,30218.0,24096.0,22466.0,11300.0,9763.0,15209.0,21177.0,12638.0,2517.0,20661.0,18174.0,3761.0,20274.0,11709.0,18216.0,10188.0,13229.0,29322.0,23417.0,11477.0,5223.0,14169.0
2,GEYLANG EAST,27348.0,25160.0,17660.0,12363.0,10826.0,9641.0,22241.0,12835.0,2794.0,20858.0,19238.0,6515.0,21338.0,14328.0,19280.0,14051.0,14312.0,22758.0,18611.0,10168.0,5221.0,14367.0
3,ALJUNIED,24668.0,31920.0,14980.0,13134.0,11597.0,9936.0,27593.0,10155.0,4257.0,18178.0,24591.0,4921.0,26691.0,11648.0,24633.0,15956.0,16217.0,21835.0,15931.0,14086.0,6764.0,11687.0
4,ROSYTH,25461.0,22647.0,17709.0,5529.0,3992.0,10452.0,19262.0,13675.0,7842.0,21698.0,16259.0,6927.0,14459.0,15847.0,16301.0,9866.0,12765.0,24565.0,18660.0,16807.0,10549.0,15207.0
5,LORONG AH SOO,25735.0,22921.0,17983.0,5803.0,4266.0,10726.0,19536.0,13949.0,5147.0,21972.0,16533.0,7201.0,17840.0,16121.0,16575.0,9115.0,12014.0,24839.0,18934.0,15549.0,7082.0,15481.0
6,TRAFALGAR,23939.0,20559.0,20433.0,2599.0,3050.0,13548.0,17098.0,16399.0,10499.0,23319.0,14095.0,9651.0,13427.0,18571.0,14137.0,9695.0,13779.0,25883.0,21384.0,15490.0,10967.0,17931.0
7,TRAFALGAR,31965.0,21407.0,24213.0,2558.0,4792.0,16956.0,21991.0,20179.0,14346.0,28202.0,18943.0,13432.0,12800.0,22351.0,19324.0,10397.0,14141.0,32058.0,25164.0,15192.0,17053.0,21711.0
8,TAI KENG,22783.0,24160.0,16956.0,8634.0,6289.0,11893.0,19833.0,18504.0,3431.0,26527.0,17444.0,6588.0,19168.0,14754.0,17372.0,10183.0,13082.0,22636.0,18986.0,11940.0,5359.0,20036.0
9,YUHUA,1711.0,17803.0,6832.0,31623.0,30086.0,23863.0,21581.0,14550.0,28235.0,6567.0,24719.0,22175.0,26819.0,16043.0,24761.0,39053.0,39314.0,8705.0,6008.0,37184.0,30941.0,13628.0
10,TEBAN GARDENS,5202.0,19749.0,8083.0,30969.0,29431.0,19954.0,23527.0,15362.0,25583.0,3990.0,26665.0,22167.0,28765.0,14135.0,26707.0,39865.0,39747.0,13868.0,7433.0,34543.0,28289.0,14440.0
11,TOH GUAN,2580.0,17775.0,6734.0,30461.0,28924.0,22701.0,21553.0,13388.0,27073.0,4973.0,24691.0,18244.0,26791.0,14881.0,24733.0,37891.0,38152.0,13279.0,5010.0,36022.0,29779.0,12466.0
12,JURONG REGIONAL CENTRE,3509.0,16434.0,8015.0,29120.0,27583.0,21360.0,20212.0,12047.0,25732.0,4065.0,23350.0,19672.0,25450.0,13540.0,23392.0,36550.0,36811.0,11938.0,8183.0,34681.0,28438.0,11125.0
13,BOON LAY,1974.0,19053.0,6906.0,31884.0,30347.0,14293.0,22831.0,14811.0,28496.0,6277.0,25969.0,19396.0,28069.0,16304.0,26011.0,39314.0,39575.0,9648.0,6965.0,37445.0,31202.0,13889.0
14,BOON LAY,5044.0,20782.0,9976.0,35160.0,33623.0,17385.0,24560.0,18087.0,29415.0,9189.0,27698.0,22466.0,29798.0,19580.0,27740.0,42590.0,42851.0,11632.0,10035.0,40720.0,32121.0,17165.0
15,CENTRAL,7450.0,21649.0,13219.0,34325.0,32788.0,26564.0,25427.0,17252.0,30936.0,9269.0,28565.0,24877.0,30665.0,18745.0,28607.0,41755.0,42016.0,17153.0,13387.0,39885.0,33642.0,16330.0
16,CENTRAL,6240.0,10265.0,8603.0,28639.0,29313.0,14885.0,14042.0,19038.0,25457.0,11056.0,17180.0,22318.0,19280.0,20531.0,17222.0,35164.0,43802.0,5664.0,9554.0,34417.0,28163.0,18116.0
17,HONG KAH,3481.0,20193.0,8414.0,32868.0,31331.0,25108.0,23971.0,15795.0,29480.0,7813.0,27109.0,23420.0,29209.0,17288.0,27151.0,40298.0,40559.0,10515.0,8472.0,38429.0,32186.0,14873.0
18,HONG KAH,3597.0,13982.0,6334.0,32357.0,31720.0,16281.0,17759.0,16184.0,23284.0,8202.0,20898.0,18808.0,22998.0,17677.0,20940.0,40687.0,40948.0,5034.0,6393.0,38818.0,25952.0,15262.0
19,WENYA,5629.0,19432.0,10561.0,37319.0,35782.0,17948.0,23209.0,20246.0,33930.0,11417.0,26347.0,23051.0,28447.0,21739.0,26389.0,44749.0,44631.0,14804.0,10620.0,42879.0,36636.0,19324.0
20,YUNNAN,7463.0,23127.0,14697.0,35803.0,34266.0,28042.0,26905.0,18730.0,32414.0,10747.0,30043.0,26355.0,32143.0,20223.0,30085.0,43233.0,43494.0,18631.0,14865.0,41363.0,35120.0,17808.0
21,TAMAN JURONG,8287.0,20692.0,12262.0,33367.0,31830.0,25607.0,24470.0,16294.0,29979.0,8312.0,27608.0,23919.0,29708.0,17787.0,27650.0,40797.0,41058.0,16196.0,12122.0,38928.0,32685.0,15372.0
22,BUGIS,18799.0,28305.0,11047.0,13890.0,12353.0,3789.0,23978.0,6541.0,13732.0,14564.0,20976.0,4723.0,23076.0,5202.0,21018.0,19524.0,19785.0,17902.0,11998.0,22692.0,16438.0,8072.0
23,BALESTIER,17014.0,23131.0,10502.0,12481.0,10943.0,3458.0,18805.0,10329.0,7668.0,18352.0,15802.0,3281.0,17902.0,12842.0,15844.0,21106.0,18380.0,15464.0,11814.0,16628.0,11522.0,11861.0
24,SUNGEI ROAD,18564.0,25765.0,10812.0,13278.0,11741.0,3554.0,21438.0,7134.0,6651.0,15157.0,18435.0,4018.0,20535.0,7640.0,18477.0,14322.0,17363.0,17667.0,11763.0,15611.0,9357.0,8665.0
25,LITTLE INDIA,18331.0,25532.0,10579.0,12883.0,11346.0,3321.0,21205.0,7218.0,6685.0,15241.0,18202.0,4052.0,20302.0,11613.0,18244.0,14356.0,17397.0,17434.0,11530.0,15645.0,9391.0,8749.0
26,PEARL'S HILL,17437.0,30362.0,15810.0,15984.0,14446.0,8553.0,26820.0,2924.0,10101.0,10947.0,23818.0,6536.0,25918.0,4145.0,23860.0,24353.0,20813.0,22666.0,16761.0,19061.0,12807.0,4456.0
27,CHINA SQUARE,22708.0,28823.0,14955.0,15589.0,14051.0,7698.0,24496.0,4929.0,9699.0,12952.0,21494.0,6141.0,23594.0,4324.0,21536.0,17370.0,20411.0,21811.0,15906.0,18659.0,12405.0,6460.0
28,CHINATOWN,18157.0,31082.0,15742.0,15764.0,14226.0,8485.0,25469.0,3645.0,10033.0,11667.0,22467.0,6316.0,24567.0,2802.0,22509.0,23002.0,20745.0,22598.0,16693.0,18993.0,12739.0,5176.0
29,PASIR RIS DRIVE,39516.0,25266.0,29828.0,10457.0,11507.0,24784.0,24242.0,25003.0,11627.0,33026.0,21531.0,15789.0,24208.0,26496.0,22412.0,3516.0,562.0,37672.0,30779.0,3063.0,8825.0,26535.0
30,ELIAS,39453.0,23254.0,33042.0,8398.0,8324.0,25784.0,22230.0,24940.0,9424.0,32963.0,19519.0,13498.0,20631.0,26433.0,18710.0,1096.0,4725.0,40886.0,33993.0,5866.0,7865.0,26472.0
31,SZ3,31192.0,17254.0,23440.0,2298.0,4019.0,16183.0,16795.0,19406.0,16040.0,27429.0,13942.0,12659.0,12011.0,21578.0,13870.0,10194.0,10857.0,31285.0,24391.0,12904.0,12295.0,20938.0
32,CRAWFORD,23199.0,29083.0,15447.0,15899.0,14362.0,7099.0,24756.0,7594.0,7049.0,15617.0,21753.0,4334.0,23853.0,9101.0,21795.0,18979.0,17762.0,22303.0,16398.0,16010.0,9756.0,9125.0
33,BOON KENG,23441.0,30692.0,15680.0,12075.0,10537.0,8708.0,26365.0,8928.0,4799.0,16951.0,23363.0,2104.0,25463.0,10421.0,23405.0,17566.0,17827.0,20608.0,16992.0,13759.0,7505.0,10460.0
34,KAMPONG JAVA,18253.0,23124.0,10501.0,12014.0,10476.0,3244.0,18798.0,7028.0,7845.0,15051.0,15795.0,2566.0,17895.0,12730.0,15837.0,16404.0,21867.0,17357.0,11452.0,16805.0,10551.0,8560.0
35,BENDEMEER,18344.0,29493.0,13556.0,10814.0,9276.0,4890.0,25166.0,8113.0,5747.0,16136.0,22163.0,728.0,19204.0,10286.0,17408.0,15204.0,20667.0,19003.0,14868.0,15495.0,8489.0,9645.0
36,GEYLANG BAHRU,28641.0,25839.0,20889.0,10211.0,8673.0,13631.0,25930.0,11061.0,3978.0,19084.0,22927.0,969.0,19217.0,9040.0,22969.0,11649.0,14690.0,27744.0,21840.0,12938.0,6684.0,12592.0
37,KAMPONG BUGIS,23472.0,30723.0,13784.0,13285.0,11747.0,6660.0,26396.0,8959.0,6755.0,16982.0,23394.0,2964.0,25494.0,10452.0,23436.0,17597.0,17858.0,20639.0,17275.0,15728.0,9461.0,10491.0
38,MARINE PARADE,25351.0,33069.0,18132.0,16244.0,19289.0,10995.0,28800.0,13771.0,4922.0,21687.0,25797.0,8227.0,27897.0,16925.0,25839.0,12414.0,14115.0,24390.0,19083.0,11401.0,7322.0,21143.0
39,NORTH COAST,16049.0,3142.0,26498.0,17865.0,27758.0,27487.0,8341.0,28848.0,27752.0,20866.0,10843.0,27243.0,13539.0,30341.0,12540.0,24026.0,28000.0,15578.0,23190.0,36713.0,30459.0,27926.0
40,WOODLANDS SOUTH,16383.0,730.0,23206.0,19176.0,24466.0,24769.0,4823.0,29181.0,24460.0,21199.0,9780.0,23951.0,11880.0,25096.0,9822.0,22160.0,26134.0,15912.0,24157.0,27144.0,27167.0,28259.0
41,WOODLANDS EAST,16342.0,2822.0,28683.0,17831.0,23766.0,21362.0,3234.0,29140.0,23761.0,21158.0,6372.0,23773.0,8472.0,29895.0,6414.0,22625.0,26599.0,15870.0,23483.0,32722.0,26468.0,28218.0
42,SZ4,32586.0,19043.0,24834.0,3827.0,5413.0,17577.0,18019.0,20800.0,14967.0,28823.0,15308.0,14053.0,14654.0,22972.0,15128.0,6645.0,10902.0,32679.0,25785.0,13504.0,12145.0,22332.0
43,SZ5,32206.0,21647.0,24454.0,5514.0,5033.0,17197.0,26007.0,20420.0,14587.0,28443.0,16473.0,13673.0,14274.0,22592.0,16401.0,8415.0,12672.0,32299.0,25405.0,14348.0,17294.0,21952.0
44,SZ2,30957.0,20398.0,23205.0,3280.0,3784.0,15948.0,17529.0,19171.0,13338.0,27194.0,14676.0,12424.0,12941.0,21343.0,14604.0,9981.0,14238.0,31050.0,24156.0,12691.0,13029.0,20703.0
45,HOLLAND DRIVE,10770.0,20938.0,5804.0,18837.0,17300.0,5983.0,23423.0,6112.0,17294.0,4280.0,20420.0,16785.0,22520.0,10292.0,20462.0,23476.0,30876.0,15309.0,7095.0,26255.0,20001.0,5190.0
46,GHIM MOH,10775.0,23700.0,5772.0,20100.0,18563.0,7236.0,27478.0,6117.0,18557.0,4285.0,21683.0,13742.0,23783.0,7610.0,21725.0,30620.0,30881.0,19204.0,6690.0,27518.0,21264.0,5195.0
47,KAMPONG UBI,32158.0,24224.0,24406.0,11428.0,9891.0,17148.0,21305.0,14578.0,703.0,22601.0,18302.0,4861.0,20402.0,13649.0,18344.0,8850.0,11412.0,31261.0,25357.0,9660.0,3406.0,16109.0
48,SINGAPORE POLYTECHNIC,8719.0,21644.0,6179.0,23925.0,22388.0,16164.0,25422.0,6852.0,20536.0,2229.0,28560.0,14477.0,30660.0,8345.0,28602.0,31355.0,31616.0,17148.0,6347.0,29485.0,23242.0,5930.0
49,COMMONWEALTH,11736.0,24661.0,7258.0,21982.0,20445.0,6783.0,28439.0,4908.0,15654.0,5245.0,31577.0,12534.0,21131.0,5849.0,31619.0,29411.0,29672.0,20165.0,9363.0,27542.0,21299.0,3987.0
50,MEI CHIN,13014.0,25939.0,8600.0,20857.0,19320.0,13097.0,29717.0,3784.0,17469.0,6524.0,27752.0,11857.0,29852.0,4269.0,27794.0,28287.0,28548.0,21443.0,10642.0,26418.0,20175.0,2862.0
51,TANGLIN HALT,11645.0,24570.0,7698.0,21891.0,20354.0,14130.0,28348.0,4817.0,18502.0,5154.0,31486.0,12443.0,33586.0,8681.0,31528.0,29320.0,29581.0,20074.0,8991.0,27451.0,21208.0,3896.0
52,MARGARET DRIVE,13005.0,25930.0,8660.0,20848.0,19311.0,13088.0,29708.0,3775.0,14454.0,6515.0,27743.0,11400.0,29843.0,5501.0,27785.0,28278.0,28539.0,21434.0,10633.0,26409.0,17160.0,2853.0
53,BENCOOLEN,18133.0,25334.0,10381.0,13058.0,11521.0,3123.0,21007.0,6939.0,7749.0,14962.0,18004.0,3540.0,20104.0,6785.0,18046.0,19922.0,18461.0,17236.0,11332.0,16709.0,10455.0,8470.0
54,FARRER PARK,17815.0,25017.0,10063.0,12688.0,11151.0,2806.0,20690.0,6100.0,7209.0,14123.0,17687.0,3240.0,20929.0,8272.0,17729.0,17079.0,17921.0,16919.0,11014.0,16169.0,9915.0,7632.0
55,SIMEI,34454.0,27512.0,24766.0,13402.0,12459.0,19722.0,37379.0,19942.0,9356.0,27964.0,34377.0,14744.0,36477.0,21435.0,34419.0,6330.0,6857.0,32610.0,25717.0,2981.0,5555.0,21473.0
56,TAMPINES EAST,36381.0,26185.0,32767.0,11472.0,11132.0,25510.0,39305.0,21868.0,9061.0,29891.0,23170.0,13223.0,21145.0,22010.0,22991.0,7383.0,3401.0,40612.0,33718.0,1894.0,7135.0,23399.0
57,TAMPINES WEST,37871.0,27807.0,30119.0,17844.0,16307.0,22861.0,27721.0,22395.0,6413.0,30418.0,24718.0,11476.0,26818.0,19362.0,24760.0,6338.0,6076.0,37963.0,31070.0,4324.0,4487.0,23926.0
58,YISHUN SOUTH,23733.0,10214.0,22423.0,11381.0,15413.0,15102.0,5887.0,23374.0,17501.0,31397.0,2884.0,17323.0,2778.0,25006.0,4009.0,17906.0,20939.0,23261.0,23374.0,23492.0,20208.0,24906.0
59,NORTHLAND,22955.0,9436.0,24416.0,16719.0,17754.0,17095.0,5109.0,25348.0,19495.0,27771.0,1169.0,19575.0,2389.0,25629.0,860.0,20157.0,24530.0,22483.0,25367.0,25500.0,22202.0,26879.0
60,YISHUN CENTRAL,22287.0,8768.0,23748.0,12244.0,16272.0,16427.0,4441.0,24680.0,18827.0,27103.0,1373.0,18179.0,2934.0,24961.0,1301.0,18762.0,21795.0,21815.0,24699.0,24348.0,21534.0,26211.0
61,YISHUN WEST,22486.0,8967.0,23947.0,13118.0,19031.0,16626.0,3336.0,24879.0,19026.0,27302.0,647.0,19054.0,3395.0,25160.0,926.0,18627.0,22601.0,22014.0,24898.0,25154.0,21733.0,26410.0
62,YISHUN EAST,23948.0,10429.0,25409.0,11341.0,13327.0,18088.0,6102.0,26341.0,20488.0,28764.0,2655.0,20415.0,307.0,22631.0,2338.0,20997.0,24047.0,23476.0,26360.0,26601.0,23195.0,27872.0
63,KHATIB,23581.0,10062.0,22271.0,11533.0,17354.0,14950.0,5735.0,23203.0,17349.0,28397.0,2732.0,17475.0,3727.0,23484.0,2774.0,18058.0,21091.0,23109.0,23222.0,23644.0,20056.0,24734.0
64,HOUGANG CENTRAL,27156.0,22928.0,19404.0,4116.0,2579.0,12147.0,20957.0,15370.0,6221.0,23393.0,17954.0,8622.0,17230.0,17542.0,17996.0,9306.0,13049.0,26260.0,20355.0,13553.0,8353.0,16902.0
65,SHANGRI-LA,19091.0,10255.0,12283.0,12752.0,9939.0,9644.0,13194.0,15079.0,16217.0,23102.0,11465.0,8526.0,13287.0,16030.0,11845.0,16529.0,36769.0,25036.0,15914.0,25178.0,18924.0,16611.0
66,SUNGEI SERANGOON WEST,30855.0,18263.0,23103.0,3176.0,2075.0,15846.0,18312.0,19069.0,13236.0,27092.0,15264.0,12322.0,13913.0,21241.0,15644.0,7425.0,11168.0,30948.0,24054.0,12219.0,12594.0,20601.0
67,MIDVIEW,15410.0,2070.0,16948.0,19492.0,20520.0,23796.0,5669.0,28208.0,26195.0,20226.0,8807.0,26208.0,10907.0,29701.0,6500.0,22469.0,26443.0,14939.0,22551.0,27453.0,28902.0,27286.0
68,BUKIT HO SWEE,15947.0,28872.0,11990.0,18507.0,16970.0,4883.0,28404.0,1295.0,14670.0,9457.0,25402.0,7586.0,27502.0,3603.0,25444.0,25937.0,26198.0,24376.0,13575.0,24068.0,17338.0,2966.0
69,SERANGOON GARDEN,22108.0,21848.0,18199.0,9469.0,7932.0,13971.0,17521.0,14165.0,8043.0,18955.0,14518.0,5880.0,15008.0,16337.0,14560.0,13936.0,18362.0,35885.0,18432.0,17092.0,10838.0,15697.0
70,SERANGOON CENTRAL,20975.0,20702.0,16301.0,7571.0,6034.0,9044.0,17783.0,12267.0,6363.0,17187.0,14780.0,3613.0,16285.0,14439.0,14822.0,12277.0,17424.0,23157.0,17252.0,15324.0,9070.0,13799.0
71,PANG SUA,12216.0,8822.0,10126.0,34049.0,30423.0,17666.0,19452.0,24448.0,33608.0,16466.0,22590.0,22363.0,24690.0,25695.0,22632.0,40574.0,48833.0,11211.0,11158.0,42568.0,36314.0,23526.0
72,PANG SUA,8049.0,9193.0,7838.0,27568.0,33503.0,15434.0,12971.0,20847.0,31361.0,12865.0,16109.0,19539.0,18209.0,22340.0,16151.0,34093.0,45611.0,6992.0,8926.0,40321.0,34067.0,19925.0
73,VICTORIA,18533.0,26976.0,10781.0,14309.0,12771.0,3523.0,22649.0,6713.0,7709.0,14736.0,19646.0,5076.0,21746.0,6745.0,19688.0,19696.0,18421.0,17636.0,11732.0,16669.0,10415.0,8244.0
74,TELOK BLANGAH WAY,16572.0,29551.0,12381.0,19004.0,17467.0,10875.0,27851.0,1510.0,13595.0,10136.0,24848.0,9936.0,26948.0,728.0,24890.0,28726.0,26877.0,25055.0,14254.0,22555.0,16301.0,2071.0
75,DEPOT ROAD,13407.0,28584.0,11121.0,22731.0,21193.0,15051.0,26750.0,3576.0,15819.0,10334.0,23747.0,14344.0,24368.0,2294.0,23789.0,28103.0,28364.0,24088.0,11481.0,24779.0,18525.0,1981.0
76,PAYA LEBAR,23838.0,23068.0,18171.0,10271.0,8734.0,11885.0,20149.0,13948.0,3772.0,19553.0,17146.0,3072.0,19246.0,11789.0,17188.0,10947.0,14374.0,25026.0,19122.0,12622.0,6368.0,15479.0
77,TIONG BAHRU,15699.0,28624.0,12449.0,18259.0,16722.0,5311.0,28156.0,1073.0,15098.0,9209.0,25154.0,8811.0,27254.0,2817.0,25196.0,25689.0,25950.0,24128.0,13327.0,23820.0,17766.0,2718.0
78,KAMPONG TIONG BAHRU,16186.0,29111.0,12218.0,17551.0,16014.0,7058.0,28643.0,1217.0,12257.0,9696.0,25641.0,9109.0,27741.0,1305.0,25683.0,26176.0,26437.0,24615.0,13814.0,21217.0,14963.0,2083.0
79,DOVER,9983.0,22908.0,6042.0,21537.0,20000.0,9276.0,26686.0,8116.0,19994.0,5658.0,29824.0,17400.0,31924.0,9375.0,29866.0,32619.0,32880.0,18412.0,8866.0,28955.0,22701.0,7194.0
80,WOODGROVE,13875.0,1697.0,15434.0,19923.0,27718.0,25313.0,7186.0,26674.0,27713.0,18692.0,10324.0,23982.0,12424.0,28167.0,10366.0,22900.0,26874.0,13404.0,14846.0,27884.0,30420.0,25752.0
81,SEMBAWANG CENTRAL,19053.0,5534.0,26655.0,15804.0,21738.0,19334.0,694.0,31851.0,21733.0,23869.0,4345.0,21746.0,6445.0,27868.0,4387.0,22329.0,25362.0,18581.0,26194.0,30694.0,24440.0,30929.0
82,SEMBAWANG NORTH,19880.0,6716.0,27482.0,16631.0,22565.0,20161.0,1742.0,32678.0,22560.0,24696.0,6378.0,22573.0,9021.0,24704.0,6496.0,23156.0,26189.0,19408.0,27021.0,31521.0,25267.0,31756.0
83,BRADDELL,16863.0,19725.0,12114.0,20171.0,18633.0,4790.0,15398.0,13043.0,10100.0,21066.0,12396.0,5924.0,14496.0,13324.0,12438.0,17593.0,28247.0,32773.0,13405.0,17750.0,12769.0,14574.0
84,POTONG PASIR,19231.0,26362.0,13725.0,9244.0,7706.0,6468.0,26743.0,9691.0,5318.0,17714.0,23740.0,1774.0,19165.0,11863.0,23782.0,13634.0,19097.0,20581.0,14676.0,14194.0,8417.0,11223.0
85,KIM KEAT,17831.0,24846.0,12000.0,10480.0,8942.0,5277.0,17674.0,13529.0,5892.0,15070.0,14671.0,2348.0,16771.0,14101.0,14713.0,14083.0,16772.0,16167.0,13312.0,14767.0,8991.0,15060.0
86,TOA PAYOH CENTRAL,15562.0,21086.0,10461.0,19742.0,18204.0,4362.0,16759.0,12614.0,8772.0,20637.0,13756.0,4476.0,15856.0,12058.0,13798.0,16264.0,18826.0,14628.0,11773.0,16421.0,11440.0,14145.0
87,MARYMOUNT,15851.0,14644.0,9865.0,12662.0,11125.0,5389.0,15997.0,13079.0,11119.0,11247.0,12995.0,6577.0,15095.0,12395.0,13037.0,17301.0,21832.0,16720.0,10816.0,20080.0,12352.0,12157.0
88,MARYMOUNT,33088.0,19569.0,11070.0,10832.0,9295.0,6978.0,15242.0,15230.0,9290.0,14823.0,12239.0,7900.0,14339.0,15511.0,12281.0,16339.0,19238.0,32616.0,14392.0,18251.0,11997.0,16761.0
89,BOON TECK,17790.0,21227.0,13041.0,16111.0,10324.0,4503.0,16900.0,12755.0,8210.0,20778.0,13897.0,3730.0,15997.0,13036.0,13939.0,15702.0,18264.0,34274.0,14333.0,15859.0,10878.0,14286.0
90,PEI CHUN,17532.0,20965.0,12569.0,10688.0,9150.0,6030.0,16638.0,14283.0,6461.0,15639.0,13636.0,2917.0,15736.0,13235.0,13678.0,14652.0,18676.0,16736.0,13881.0,16271.0,11290.0,15814.0
91,KALLANG,17308.0,21075.0,12559.0,10422.0,8884.0,6140.0,16748.0,14393.0,7115.0,18452.0,13746.0,4587.0,15846.0,14002.0,13788.0,14952.0,16903.0,18296.0,13850.0,17101.0,13844.0,14204.0
92,TYERSALL,11143.0,20262.0,7216.0,18161.0,16624.0,4666.0,22748.0,9015.0,16619.0,7183.0,19745.0,8816.0,21845.0,8542.0,19787.0,22800.0,27332.0,14071.0,8167.0,25580.0,19326.0,8093.0
93,WOODLANDS WEST,14208.0,3433.0,15181.0,22116.0,28051.0,25646.0,7519.0,27007.0,28046.0,19025.0,10657.0,28058.0,12757.0,28500.0,10699.0,24670.0,28644.0,13737.0,21349.0,29654.0,30753.0,26085.0
94,FRANKEL,28986.0,36237.0,19298.0,15164.0,13627.0,14253.0,31910.0,14473.0,3987.0,22496.0,28908.0,9039.0,31008.0,15966.0,28950.0,13498.0,13759.0,27142.0,20249.0,9347.0,11337.0,16005.0
95,UPPER THOMSON,15442.0,12504.0,11804.0,11673.0,13082.0,6844.0,12500.0,15219.0,13259.0,15578.0,11727.0,8497.0,13451.0,14073.0,11655.0,19441.0,23972.0,27285.0,12971.0,22220.0,15966.0,12607.0
96,BISHAN EAST,17077.0,19036.0,12778.0,10169.0,8632.0,6445.0,14709.0,14697.0,8627.0,14160.0,11706.0,6968.0,13806.0,14978.0,11748.0,16411.0,19340.0,32083.0,13729.0,17588.0,11334.0,16228.0
97,BUKIT BATOK EAST,2542.0,15435.0,3240.0,25121.0,23583.0,10627.0,19213.0,15308.0,20055.0,5137.0,22351.0,15580.0,24451.0,16550.0,22393.0,39811.0,40072.0,10939.0,6676.0,36272.0,22723.0,14386.0
98,BUKIT BATOK WEST,536.0,15426.0,5143.0,26411.0,24874.0,12041.0,19204.0,15299.0,28785.0,6387.0,22342.0,17473.0,24442.0,16792.0,22384.0,39802.0,40063.0,10930.0,5042.0,37745.0,31491.0,14377.0
99,HILLVIEW,5668.0,16156.0,4436.0,25584.0,24047.0,10455.0,30542.0,15860.0,27958.0,9002.0,27539.0,16136.0,29639.0,22911.0,27581.0,33802.0,38670.0,5942.0,4714.0,36918.0,30664.0,14938.0
100,GOMBAK,7626.0,14483.0,5326.0,26474.0,24937.0,13547.0,18380.0,21709.0,28848.0,9723.0,28428.0,17026.0,30528.0,23801.0,28470.0,34692.0,39560.0,4337.0,6277.0,37808.0,31554.0,23240.0
101,GUILIN,3196.0,13582.0,3986.0,31957.0,31320.0,35487.0,17359.0,15784.0,29469.0,7802.0,20498.0,16460.0,22598.0,17277.0,20540.0,40287.0,40548.0,9085.0,7490.0,38418.0,23604.0,14862.0
102,BUKIT BATOK CENTRAL,1351.0,14466.0,4065.0,32841.0,29875.0,36371.0,18244.0,14339.0,28024.0,6357.0,21382.0,16658.0,23482.0,15832.0,21424.0,40952.0,39103.0,9970.0,7556.0,36973.0,30730.0,13417.0
103,SUNSET WAY,6265.0,21582.0,3375.0,27222.0,25685.0,9922.0,25360.0,10149.0,18641.0,1810.0,28498.0,15163.0,30598.0,11642.0,28540.0,34652.0,34913.0,10276.0,4665.0,32783.0,22284.0,9227.0
104,CLEMENTI CENTRAL,7003.0,20544.0,4447.0,26184.0,24647.0,18424.0,24322.0,9111.0,22796.0,504.0,27460.0,16736.0,29560.0,9402.0,27502.0,33614.0,33875.0,16048.0,4997.0,31745.0,25502.0,8189.0
105,CLEMENTI NORTH,7466.0,20391.0,4705.0,26031.0,24494.0,18271.0,24169.0,8958.0,22643.0,625.0,27307.0,16583.0,29407.0,10451.0,27349.0,33461.0,33722.0,15895.0,4280.0,31592.0,25349.0,8036.0
106,LOWER SELETAR,,,,,,,,,,,,,4365.0,,,,,,,,,
107,TANJONG RHU,24931.0,27706.0,17179.0,14909.0,13372.0,8827.0,26484.0,9322.0,6059.0,17345.0,23481.0,8760.0,25581.0,10829.0,23523.0,17990.0,16772.0,24035.0,18130.0,15020.0,8766.0,10853.0
108,SAUJANA,8451.0,15111.0,7782.0,30121.0,28583.0,13243.0,18888.0,23884.0,31305.0,15902.0,22026.0,20673.0,24126.0,23521.0,22068.0,40010.0,42017.0,445.0,8733.0,40265.0,34011.0,22962.0
109,BUKIT PANJANG,6542.0,13464.0,6026.0,27175.0,25638.0,12482.0,17241.0,22237.0,29549.0,14255.0,20379.0,17727.0,22479.0,23730.0,20421.0,35393.0,40261.0,3327.0,6977.0,38509.0,32255.0,21315.0
110,SENJA,8333.0,14031.0,6098.0,27247.0,25710.0,13783.0,17808.0,22804.0,29621.0,14822.0,20946.0,17799.0,23046.0,24574.0,20988.0,35465.0,40333.0,1067.0,7049.0,38581.0,32327.0,21882.0
111,FARRER COURT,10811.0,19636.0,6063.0,17535.0,15998.0,4334.0,22122.0,8389.0,15993.0,6557.0,19119.0,15483.0,21219.0,7213.0,19161.0,22174.0,26706.0,14007.0,7356.0,24954.0,18700.0,5748.0
112,FAJAR,8420.0,15080.0,7751.0,28784.0,27246.0,11907.0,18857.0,23853.0,31274.0,15871.0,21995.0,19336.0,24095.0,22185.0,22037.0,39979.0,41986.0,956.0,8702.0,40234.0,33980.0,22931.0
113,EVERTON PARK,17463.0,30388.0,16346.0,16598.0,15061.0,8693.0,25239.0,2950.0,10969.0,10973.0,22236.0,7150.0,24336.0,2762.0,22278.0,24379.0,24640.0,25892.0,15091.0,19929.0,13675.0,3144.0
114,TELOK BLANGAH RISE,17088.0,31570.0,15796.0,20039.0,18501.0,10267.0,27243.0,1871.0,12987.0,10598.0,24240.0,9560.0,26340.0,99.0,24282.0,29188.0,23699.0,22354.0,17089.0,21947.0,15693.0,2796.0
115,BUKIT BATOK SOUTH,3119.0,16120.0,3943.0,25310.0,23772.0,10841.0,19898.0,13697.0,27585.0,5199.0,23036.0,16264.0,25136.0,16618.0,23078.0,29965.0,38082.0,11624.0,3114.0,36545.0,24013.0,12775.0
116,TIONG BAHRU STATION,15247.0,28172.0,12707.0,17807.0,16270.0,10047.0,27704.0,621.0,15558.0,8757.0,24702.0,8359.0,26802.0,2110.0,24744.0,25237.0,25498.0,23676.0,12875.0,23368.0,18226.0,2266.0
117,REDHILL,14079.0,27004.0,11539.0,19093.0,17556.0,11332.0,30782.0,2020.0,15704.0,7589.0,25987.0,9645.0,28087.0,2279.0,26029.0,26523.0,26784.0,22508.0,11707.0,24653.0,18410.0,440.0
118,TELOK BLANGAH DRIVE,15496.0,29099.0,16615.0,21070.0,19532.0,12532.0,29508.0,7954.0,15252.0,11296.0,26505.0,11622.0,28605.0,2385.0,26547.0,25460.0,25964.0,23470.0,13744.0,24212.0,17958.0,3839.0
119,HENDERSON HILL,15664.0,28589.0,10635.0,18224.0,16687.0,10464.0,28121.0,724.0,12849.0,9174.0,25119.0,8396.0,27219.0,2053.0,25161.0,25654.0,25915.0,24093.0,13292.0,23785.0,15555.0,1163.0
120,ALEXANDRA HILL,14782.0,27707.0,10237.0,19796.0,18259.0,12035.0,31485.0,2723.0,14765.0,8292.0,26690.0,10270.0,28790.0,2780.0,26732.0,27226.0,27487.0,23211.0,12410.0,25356.0,17471.0,1223.0
121,BUKIT MERAH,16365.0,27807.0,11337.0,21503.0,19965.0,7364.0,31585.0,1301.0,17151.0,8392.0,21680.0,9212.0,23780.0,2332.0,21722.0,27326.0,27587.0,23311.0,12510.0,22951.0,19819.0,1117.0
122,BANGKIT,7517.0,10667.0,6848.0,27291.0,25753.0,11301.0,17953.0,22949.0,21897.0,10167.0,13566.0,15698.0,16262.0,20692.0,13845.0,31681.0,32609.0,2802.0,7006.0,30857.0,24603.0,22027.0
123,ADMIRALTY,19558.0,6039.0,27160.0,16309.0,22243.0,19839.0,1712.0,32356.0,22238.0,24374.0,4850.0,22251.0,6950.0,24382.0,4804.0,22834.0,26356.0,19086.0,26699.0,31199.0,24945.0,31434.0
124,SENGKANG TOWN CENTRE,29078.0,17683.0,21326.0,1195.0,1905.0,14069.0,17743.0,17292.0,11459.0,25315.0,14695.0,10545.0,16517.0,19464.0,15076.0,6856.0,10600.0,28182.0,22277.0,11651.0,12370.0,18824.0
125,BUANGKOK,29558.0,18974.0,21806.0,504.0,2385.0,14549.0,15401.0,17772.0,11939.0,25795.0,12548.0,11025.0,14272.0,19944.0,12476.0,7812.0,11587.0,29651.0,22757.0,19978.0,14646.0,19304.0
126,JALAN KAYU EAST,31932.0,21623.0,24429.0,3022.0,5008.0,17172.0,14086.0,20395.0,14562.0,28418.0,11233.0,13648.0,9780.0,22567.0,11161.0,9766.0,14357.0,32449.0,25380.0,15408.0,14389.0,21927.0
127,SERANGOON NORTH,19591.0,13827.0,15122.0,4745.0,5471.0,11121.0,14671.0,23257.0,8161.0,21590.0,11668.0,9084.0,13768.0,19117.0,11710.0,11279.0,14178.0,33035.0,16437.0,17682.0,10113.0,24789.0
128,CHENG SAN,30457.0,16938.0,16382.0,8649.0,7106.0,9061.0,12611.0,17313.0,10098.0,25336.0,9608.0,9615.0,11571.0,17594.0,9650.0,13696.0,18025.0,29986.0,17333.0,20421.0,14167.0,18844.0
129,YIO CHU KANG,28731.0,15212.0,17598.0,7081.0,12681.0,10277.0,10885.0,18530.0,12676.0,26553.0,7883.0,13197.0,9983.0,18811.0,7925.0,23095.0,33734.0,28260.0,18549.0,21637.0,15383.0,20061.0
130,KEBUN BAHRU,25170.0,9918.0,14626.0,9256.0,15886.0,9710.0,15429.0,17840.0,15880.0,16008.0,10257.0,9937.0,13657.0,16516.0,10299.0,18449.0,26593.0,24699.0,15577.0,24841.0,18587.0,16918.0
131,CHONG BOON,30563.0,17044.0,16488.0,10813.0,8052.0,9167.0,12717.0,14003.0,9713.0,22026.0,9714.0,6802.0,11814.0,14036.0,9756.0,14965.0,17864.0,30092.0,17439.0,24230.0,17976.0,15535.0
132,TOWN CENTRE,30063.0,16544.0,12383.0,9530.0,9098.0,8667.0,12217.0,16919.0,11066.0,24942.0,9214.0,9285.0,11314.0,17200.0,9256.0,15688.0,32123.0,29592.0,16939.0,20027.0,13773.0,18450.0
133,TOWNSVILLE,30161.0,16642.0,16086.0,10217.0,11578.0,8765.0,12315.0,13847.0,9636.0,21870.0,9312.0,7281.0,11412.0,17298.0,9354.0,15876.0,32221.0,29690.0,17037.0,20125.0,13871.0,15379.0
134,BEDOK NORTH,30994.0,29374.0,28982.0,15437.0,15170.0,14350.0,33919.0,16481.0,5276.0,24504.0,30917.0,9438.0,24334.0,17974.0,30959.0,13176.0,9913.0,36827.0,29933.0,5300.0,2795.0,18013.0
135,KEMBANGAN,28330.0,35581.0,18642.0,14508.0,12971.0,13597.0,31254.0,13817.0,3722.0,21840.0,28252.0,8774.0,30352.0,15310.0,28294.0,12842.0,13103.0,25497.0,19593.0,10973.0,6495.0,15349.0
136,BEDOK SOUTH,32347.0,30437.0,22658.0,16380.0,16987.0,16652.0,35271.0,17834.0,7468.0,25857.0,32269.0,12636.0,34369.0,19327.0,32311.0,9254.0,9515.0,30502.0,23609.0,6204.0,10355.0,19365.0
137,BEDOK RESERVOIR,26267.0,28954.0,29023.0,16748.0,15211.0,14687.0,26625.0,19477.0,5317.0,26174.0,23622.0,9191.0,23914.0,18267.0,23664.0,8263.0,10499.0,36868.0,29974.0,5102.0,969.0,19683.0
138,KAKI BUKIT,33124.0,27088.0,25372.0,13097.0,9006.0,18114.0,22974.0,15544.0,1666.0,23567.0,19971.0,5828.0,22071.0,14615.0,20013.0,6688.0,9998.0,32227.0,26323.0,8246.0,1992.0,17075.0
139,TECK WHYE,5182.0,12731.0,6210.0,30069.0,28531.0,14102.0,16508.0,21504.0,29733.0,13522.0,19646.0,21536.0,21746.0,23469.0,19688.0,34459.0,40445.0,3819.0,7161.0,38693.0,32439.0,20582.0
140,KEAT HONG,7018.0,11480.0,7697.0,28846.0,27309.0,14673.0,15257.0,20253.0,31220.0,12271.0,18395.0,19398.0,20495.0,21746.0,18437.0,36379.0,45017.0,4758.0,8648.0,40180.0,33926.0,19331.0
141,0,7628.0,8772.0,10095.0,27147.0,33082.0,30677.0,12550.0,20426.0,33077.0,12444.0,15688.0,33089.0,17788.0,21919.0,15730.0,33672.0,45190.0,7156.0,14769.0,43060.0,35784.0,19504.0
142,KRANJI NORTH,8089.0,9233.0,8644.0,27608.0,33543.0,16328.0,13011.0,20887.0,32167.0,12905.0,16149.0,24205.0,18249.0,22380.0,16191.0,34133.0,45651.0,6407.0,9595.0,43521.0,34873.0,19965.0
143,PENG SIANG,6057.0,10863.0,8627.0,29237.0,28099.0,15504.0,14640.0,19636.0,32010.0,11654.0,17778.0,21734.0,19878.0,21129.0,17820.0,35762.0,44400.0,5548.0,9659.0,40970.0,34716.0,18714.0
144,CLEMENTI WEST,8458.0,23220.0,5542.0,27053.0,25515.0,13769.0,26998.0,11787.0,24488.0,3455.0,30136.0,17605.0,32236.0,9445.0,30178.0,36290.0,36172.0,12444.0,7573.0,33449.0,27195.0,8197.0
145,CLEMENTI WOODS,8257.0,22196.0,5584.0,27586.0,26048.0,19063.0,25974.0,11149.0,22210.0,2156.0,28004.0,18138.0,30104.0,10761.0,28046.0,31059.0,35527.0,14882.0,6430.0,31170.0,24916.0,8424.0
146,CORONATION ROAD,8584.0,20525.0,3835.0,18827.0,17290.0,4796.0,23784.0,14062.0,21201.0,7250.0,20781.0,9379.0,22881.0,10190.0,20823.0,29155.0,31913.0,11159.0,5126.0,30161.0,23907.0,8710.0
147,ANAK BUKIT,4695.0,18046.0,726.0,22365.0,20828.0,9438.0,27322.0,17600.0,24739.0,5710.0,24319.0,13533.0,26419.0,17841.0,24361.0,32693.0,35451.0,8072.0,545.0,33699.0,27445.0,13120.0
148,CHANGI POINT,41329.0,34189.0,39788.0,15465.0,15801.0,32531.0,34232.0,26817.0,16082.0,34839.0,31521.0,20244.0,33263.0,29031.0,31342.0,8637.0,4409.0,47633.0,40739.0,7471.0,10585.0,28348.0
149,LAVENDER,22514.0,29765.0,10944.0,12225.0,10687.0,4281.0,25438.0,8001.0,5873.0,16024.0,22436.0,1490.0,24536.0,8070.0,22478.0,18778.0,16585.0,18216.0,12312.0,14833.0,8579.0,9533.0
150,MOULMEIN,35815.0,22295.0,9281.0,18003.0,16465.0,1616.0,17969.0,10874.0,10537.0,18897.0,14966.0,8555.0,17066.0,10636.0,15008.0,25817.0,26078.0,16137.0,10232.0,21393.0,13205.0,12405.0
